,J,seuil,pvalue05,pvaluebest,AUC,AccuracyTrain,AccuracyTest,RecallTest
0,1.0,1.0,0.0,0.0,0.9006006010694759,0.8377035232238852,0.823568086011525,0.7991967871485943
1,1.0,0.0,0.0,0.0,0.9006006010694759,0.8804869087674517,0.8657230150442821,0.5584075432163437
2,2.0,1.0,0.0,0.0,0.7729888549734707,0.7211813181473635,0.6925678302106818,0.7192213258505787
3,2.0,0.0,0.0,0.0,0.7729888549734707,0.814872402868749,0.7961595273264401,0.21851981760785688
4,3.0,1.0,3.672623497635115e-186,0.0,0.7148405785111219,0.6893384501499981,0.6530699703911486,0.6590909090909091
5,3.0,0.0,3.672623497635115e-186,0.0,0.7148405785111219,0.796976662640745,0.7845956054230949,0.106993006993007
6,4.0,1.0,4.1822579230210555e-117,1.689318280652591e-289,0.6890731039253267,0.6528571707279006,0.6110655897615982,0.681453021306322
7,4.0,0.0,4.1822579230210555e-117,1.689318280652591e-289,0.6890731039253267,0.7917650272157949,0.7796636622575989,0.0815578064966818
8,5.0,1.0,3.129087781625516e-127,3.401627948061797e-282,0.6879291200941784,0.662058191759422,0.6201132591290763,0.6590472866864422
9,5.0,0.0,3.129087781625516e-127,3.401627948061797e-282,0.6879291200941784,0.7913591095489162,0.7802382347197813,0.08358052695864596
10,6.0,1.0,9.446623442174284e-95,2.5580612023875686e-237,0.6737672937788779,0.6625450144924707,0.6124058242573291,0.641154983475387
11,6.0,0.0,9.446623442174284e-95,2.5580612023875686e-237,0.6737672937788779,0.7906740706764129,0.7769059608853496,0.07444773004000696
12,7.0,1.0,1.318729963038981e-94,1.409904936588089e-277,0.680217086486588,0.6664682520321237,0.6224434035909445,0.6506861212437033
13,7.0,0.0,1.318729963038981e-94,1.409904936588089e-277,0.680217086486588,0.7903570487612096,0.776775956284153,0.07347576862949452
14,8.0,1.0,7.927638912467989e-105,2.9256172450768633e-259,0.6825152285550609,0.6570481155791182,0.6140694080363082,0.6546310832025117
15,8.0,0.0,7.927638912467989e-105,2.9256172450768633e-259,0.6825152285550609,0.7890015943971125,0.778903712977816,0.0706436420722135
16,9.0,1.0,1.1161449738135781e-100,1.403701296689322e-281,0.686020593077556,0.674910239557378,0.6351186972729056,0.6296685954760652
17,9.0,0.0,1.1161449738135781e-100,1.403701296689322e-281,0.686020593077556,0.7899115148423551,0.7791642142436728,0.06891109942135717
18,10.0,1.0,1.2144775926640219e-77,1.0900299577474326e-259,0.680491817080964,0.6541001002181218,0.614934171742975,0.6541089889609252
19,10.0,0.0,1.2144775926640219e-77,1.0900299577474326e-259,0.680491817080964,0.7898563540254279,0.7766948319905679,0.06220431049588225
20,11.0,1.0,1.5768795930714008e-100,2.1246432696128394e-274,0.6857924061433629,0.6354720025183961,0.5968757377823247,0.6987381703470031
21,11.0,0.0,1.5768795930714008e-100,2.1246432696128394e-274,0.6857924061433629,0.7897631133671743,0.7785866058078225,0.06817385208552401
22,12.0,1.0,1.0210814882809307e-107,1.6742826026841132e-252,0.6801571435173851,0.6570252815625738,0.613885169725132,0.6510690501226779
23,12.0,0.0,1.0210814882809307e-107,1.6742826026841132e-252,0.6801571435173851,0.7915255572182406,0.7790029140741908,0.07027690150718542
24,13.0,1.0,1.1933298838852517e-91,4.520989810311575e-279,0.6853556936879532,0.6594808925971113,0.6225108225108225,0.6530790762771168
25,13.0,0.0,1.1933298838852517e-91,4.520989810311575e-279,0.6853556936879532,0.7884214254791609,0.7777646595828414,0.06333100069979006
26,14.0,1.0,1.480244372349244e-98,1.8908253056494e-278,0.6847729659071963,0.6553385647137491,0.6163074260541221,0.6645702306079665
27,14.0,0.0,1.480244372349244e-98,1.8908253056494e-278,0.6847729659071963,0.7884634295041989,0.7780050346129641,0.06638714185883997
28,15.0,1.0,2.1227595144078635e-94,1.6663567300486688e-261,0.6806391077967661,0.6731707798033977,0.6323946994794132,0.6213319276049903
29,15.0,0.0,2.1227595144078635e-94,1.6663567300486688e-261,0.6806391077967661,0.7888940378415152,0.7786717147815113,0.06273062730627306
30,16.0,1.0,6.925237399850801e-110,6.33324431920493e-273,0.6827178340971274,0.700423192532827,0.6567789906660338,0.5788546255506608
31,16.0,0.0,6.925237399850801e-110,6.33324431920493e-273,0.6827178340971274,0.7885421610504667,0.7794652744818857,0.07083700440528634
32,17.0,1.0,1.1808967240514218e-99,1.1289136914342823e-260,0.6800189992897319,0.6644353121750755,0.6216976274408841,0.6427690681698079
33,17.0,0.0,1.1808967240514218e-99,1.1289136914342823e-260,0.6800189992897319,0.7895925137396643,0.7781518596268864,0.06887440549586049
34,18.0,1.0,5.786206560628709e-123,2.3945352031894848e-296,0.6892928501043305,0.6527739223539676,0.6181544196375461,0.6750705218617772
35,18.0,0.0,5.786206560628709e-123,2.3945352031894848e-296,0.6892928501043305,0.7891799183090772,0.7802672800095174,0.07263751763046544
36,19.0,1.0,1.148913737855778e-109,6.654063473146119e-270,0.6832284224628636,0.6684690941561663,0.6287006905309945,0.6357545839210155
37,19.0,0.0,1.148913737855778e-109,6.654063473146119e-270,0.6832284224628636,0.7899394781228296,0.7786332248591158,0.07281382228490832
38,20.0,1.0,5.507780516789451e-97,2.0584434255786156e-256,0.6806046244427756,0.6631262644293705,0.6220547401824673,0.6388253912431863
39,20.0,0.0,5.507780516789451e-97,2.0584434255786156e-256,0.6806046244427756,0.7886270776310048,0.7776279254264181,0.0654123439423246
40,21.0,1.0,8.021828291883808e-94,2.7972872503131347e-239,0.6785000962468829,0.6292748708490744,0.5906873438305636,0.6859954313828852
41,21.0,0.0,8.021828291883808e-94,2.7972872503131347e-239,0.6785000962468829,0.7876074605110509,0.7765041843493435,0.06975926902126164
42,22.0,1.0,6.488905822849219e-92,1.5178865875085922e-262,0.681325675434409,0.6384596273291926,0.5976467782326986,0.690677966101695
43,22.0,0.0,6.488905822849219e-92,1.5178865875085922e-262,0.681325675434409,0.7883925465838509,0.777278689827881,0.06656073446327683
44,23.0,1.0,3.0491875886171295e-84,1.6253466176746546e-263,0.6823177336590842,0.6562693081936499,0.6150595926176904,0.6592645230058625
45,23.0,0.0,3.0491875886171295e-84,1.6253466176746546e-263,0.6823177336590842,0.7892193012177865,0.7776139036154184,0.06253330964647362
46,24.0,1.0,2.130903097645149e-85,1.0046867341430437e-262,0.6833019475799431,0.6553321024003194,0.6158728891372909,0.6570871030690083
47,24.0,0.0,2.130903097645149e-85,1.0046867341430437e-262,0.6833019475799431,0.7871350865811667,0.7772765379855483,0.061734965407131456
48,25.0,1.0,1.4026629177599148e-108,1.485297997019854e-259,0.6807991463426428,0.6608015347261773,0.6194796371048319,0.6479048295454546
49,25.0,0.0,1.4026629177599148e-108,1.485297997019854e-259,0.6807991463426428,0.7883156979706843,0.7783461892010711,0.07475142045454546
50,26.0,1.0,1.5011888865560418e-110,3.060589485377804e-271,0.6861220397137031,0.6646104934815644,0.6170119171398865,0.6613361762615494
51,26.0,0.0,1.5011888865560418e-110,3.060589485377804e-271,0.6861220397137031,0.7893005678637127,0.7788130848596337,0.07320540156361052
52,27.0,1.0,1.5115100022357088e-102,8.663307036850631e-289,0.690379022014115,0.6632766216769733,0.6232967032967033,0.6610559886605244
53,27.0,0.0,1.5115100022357088e-102,8.663307036850631e-289,0.690379022014115,0.7890546170214892,0.7779020979020979,0.06945428773919206
54,28.0,1.0,6.664854966751243e-95,1.8858686992774524e-256,0.6789270375453316,0.6484584048883741,0.6050960501617477,0.6729137199434229
55,28.0,0.0,6.664854966751243e-95,1.8858686992774524e-256,0.6789270375453316,0.7880406565757418,0.7771476496665203,0.0655940594059406
56,29.0,1.0,9.448168367182678e-94,2.9340883059611365e-268,0.684479734189444,0.6443948477236106,0.6045636509207366,0.6832828912230728
57,29.0,0.0,9.448168367182678e-94,2.9340883059611365e-268,0.684479734189444,0.7885444919283005,0.7782626100880704,0.06355705892825352
58,30.0,1.0,2.8009900371540305e-96,1.3916085592655618e-256,0.6830777833211151,0.6496714321545022,0.6090132027769974,0.6670241286863271
59,30.0,0.0,2.8009900371540305e-96,1.3916085592655618e-256,0.6830777833211151,0.7895861550037623,0.7785224126168787,0.06648793565683646
60,31.0,1.0,1.159625613659248e-95,6.014775631442481e-275,0.6877295310354734,0.6416234887737479,0.6035022893405093,0.6905101676774884
61,31.0,0.0,1.159625613659248e-95,6.014775631442481e-275,0.6877295310354734,0.7900650680804916,0.7780946260743835,0.06475205137352837
62,32.0,1.0,4.392638246857013e-101,1.1184298460266223e-260,0.6810909695185704,0.6681893020640912,0.6243675206810698,0.6400142780653222
63,32.0,0.0,4.392638246857013e-101,1.1184298460266223e-260,0.6810909695185704,0.7892839932535539,0.7783310577463658,0.06907014099589506
64,33.0,1.0,9.821858251929944e-99,2.6676289734190522e-254,0.6785960615708213,0.65729305657273,0.6122792937399679,0.6589327146171694
65,33.0,0.0,9.821858251929944e-99,2.6676289734190522e-254,0.6785960615708213,0.7880152893847127,0.7786516853932585,0.06550062466535785
66,34.0,1.0,3.4096400262636826e-82,6.0932665314042166e-267,0.681687588658592,0.6705677415479492,0.6280233861925356,0.6366222222222222
67,34.0,0.0,3.4096400262636826e-82,6.0932665314042166e-267,0.681687588658592,0.7884509495730175,0.7767499599551497,0.06133333333333333
68,35.0,1.0,4.2743325603912673e-70,7.311031006875008e-272,0.6816590355177525,0.6492567898519578,0.6050379848060776,0.6846030900372936
69,35.0,0.0,4.2743325603912673e-70,7.311031006875008e-272,0.6816590355177525,0.7894521136756665,0.7760495801679328,0.055585153613922925
70,36.0,1.0,4.086936966010013e-89,1.3903898781770556e-264,0.6836294205995919,0.641886618774138,0.5981110177292192,0.6927463910176439
71,36.0,0.0,4.086936966010013e-89,1.3903898781770556e-264,0.6836294205995919,0.7896063874492226,0.7783247288590067,0.060951702013901266
72,37.0,1.0,7.758704352996989e-110,2.5951217329137905e-252,0.6838560291990413,0.6465284039675383,0.601330501342524,0.6783542039355993
73,37.0,0.0,7.758704352996989e-110,2.5951217329137905e-252,0.6838560291990413,0.7889790602144073,0.7801066004087684,0.0701252236135957
74,38.0,1.0,2.9776894804514115e-64,2.6347919788552894e-268,0.6800149716898956,0.6801927720500566,0.6383055466495672,0.6173214285714286
75,38.0,0.0,2.9776894804514115e-64,2.6347919788552894e-268,0.6800149716898956,0.7889827366817959,0.776290477717217,0.053214285714285714
76,39.0,1.0,2.992410034689692e-93,2.849005693553154e-270,0.6845159605866971,0.6535857371794872,0.6170425864348383,0.6611378633850544
77,39.0,0.0,2.992410034689692e-93,2.849005693553154e-270,0.6845159605866971,0.7879607371794872,0.7788149513240655,0.060460139111824504
78,40.0,1.0,7.03779740135426e-94,1.9406905279952538e-237,0.676218277600281,0.6494379998198396,0.6029706141404436,0.6638130907793829
79,40.0,0.0,7.03779740135426e-94,1.9406905279952538e-237,0.676218277600281,0.7909039044749827,0.778645207782849,0.06349206349206349
80,41.0,1.0,4.142473356901735e-83,2.591973722827871e-243,0.6751637218565129,0.6412602641200328,0.6013105845686658,0.6708725786387062
81,41.0,0.0,4.142473356901735e-83,2.591973722827871e-243,0.6751637218565129,0.7884842067408547,0.7784792424181883,0.05171494579704994
82,42.0,1.0,4.300135853821106e-94,1.1026597259224746e-262,0.6810199639342409,0.6771385842472583,0.6368494516450648,0.6148121899362154
83,42.0,0.0,4.300135853821106e-94,1.1026597259224746e-262,0.6810199639342409,0.7881754735792622,0.7788634097706879,0.05669737774627923
84,43.0,1.0,1.1413890205078556e-88,4.296553237259463e-237,0.6764004294826658,0.6294917352072187,0.588197716202188,0.6905949412183826
85,43.0,0.0,1.1413890205078556e-88,4.296553237259463e-237,0.6764004294826658,0.7898766270063083,0.7790864808751896,0.057356608478802994
86,44.0,1.0,9.703510976710525e-92,1.1024699493223877e-243,0.6741078221046635,0.6487072627149981,0.6074755146911853,0.660053619302949
87,44.0,0.0,9.703510976710525e-92,1.1024699493223877e-243,0.6741078221046635,0.78940425149162,0.7798121127323606,0.0580875781948168
88,45.0,1.0,6.872917909306608e-63,1.542651232689477e-260,0.6757875138992373,0.6706445583840565,0.6300471735827936,0.6281891168599465
89,45.0,0.0,6.872917909306608e-63,1.542651232689477e-260,0.6757875138992373,0.7873127242561443,0.7770448548812665,0.04924174843889385
90,46.0,1.0,5.352559556831004e-88,1.2223955556090132e-221,0.6696407128100827,0.6513168411797619,0.606506274478459,0.6446781957568194
91,46.0,0.0,5.352559556831004e-88,1.2223955556090132e-221,0.6696407128100827,0.7883162816721285,0.7793142035009192,0.0547334640755928
92,47.0,1.0,1.2129012431352818e-76,1.968224000958716e-220,0.669992380921347,0.6497284561935948,0.6017649642614703,0.6527010162239258
93,47.0,0.0,1.2129012431352818e-76,1.968224000958716e-220,0.669992380921347,0.7885352607619199,0.7786207722716927,0.05116776609021216
94,48.0,1.0,1.4801177037794728e-62,9.671560905762139e-229,0.6722872065163,0.6310865341503512,0.5896700143472023,0.6812366737739872
95,48.0,0.0,1.4801177037794728e-62,9.671560905762139e-229,0.6722872065163,0.7870572410700941,0.7772198310218397,0.04619758351101635
96,49.0,1.0,1.5912632527159325e-72,2.598009870342097e-258,0.6785202895483962,0.6721490900769131,0.6301440738677068,0.6253326237360298
97,49.0,0.0,1.5912632527159325e-72,2.598009870342097e-258,0.6785202895483962,0.7885336756116733,0.7779590862055241,0.0494944119212347
98,50.0,1.0,5.2865084794066525e-70,3.7913268819742886e-238,0.6710763374748062,0.677304682054448,0.6308997490739634,0.6090051610606869
99,50.0,0.0,5.2865084794066525e-70,3.7913268819742886e-238,0.6710763374748062,0.7890785254814491,0.7785079858206875,0.046983449012279764
100,51.0,1.0,2.393034400747214e-49,6.190917141266338e-210,0.6676599348982211,0.6229611166500498,0.5815752741774676,0.6817857142857143
101,51.0,0.0,2.393034400747214e-49,6.190917141266338e-210,0.6676599348982211,0.7882452642073778,0.7771884346959123,0.040535714285714286
102,52.0,1.0,3.9072235590064893e-53,1.390076289502056e-234,0.6696663042527056,0.6352741774675972,0.597048853439681,0.6724353256021409
103,52.0,0.0,3.9072235590064893e-53,1.390076289502056e-234,0.6696663042527056,0.788085742771685,0.777148554336989,0.04299732381801963
104,53.0,1.0,2.6025944435062176e-58,1.068594554467768e-230,0.6726040455169621,0.6428315126385455,0.6020253568295989,0.6600142551674982
105,53.0,0.0,2.6025944435062176e-58,1.068594554467768e-230,0.6726040455169621,0.7871381867474683,0.7770911410573319,0.04668567355666429
106,54.0,1.0,4.0931613423830925e-66,3.093615351971352e-242,0.6707189894290488,0.6558612928604862,0.619980879541109,0.6339857651245552
107,54.0,0.0,4.0931613423830925e-66,3.093615351971352e-242,0.6707189894290488,0.7865415832611315,0.7780433397068196,0.046441281138790036
108,55.0,1.0,2.278906892970921e-58,2.670509598307807e-217,0.6683469447885411,0.6151942268697069,0.5740527215617669,0.7003372980649742
109,55.0,0.0,2.278906892970921e-58,2.670509598307807e-217,0.6683469447885411,0.7861118842193153,0.7775833962864299,0.041895970175750044
110,56.0,1.0,3.753215877067796e-53,7.579885044571792e-224,0.6651056857387077,0.6985585174456096,0.6521031746031746,0.552077807250221
111,56.0,0.0,3.753215877067796e-53,7.579885044571792e-224,0.6651056857387077,0.7867240746435976,0.7770238095238096,0.03801945181255526
112,57.0,1.0,1.6893994452190578e-64,5.456583145038567e-233,0.6706660123365883,0.6927416471336061,0.6467760518056493,0.5715808170515098
113,57.0,0.0,1.6893994452190578e-64,5.456583145038567e-233,0.6706660123365883,0.7889336935362123,0.7783560446545628,0.04387211367673179
114,58.0,1.0,2.7148606941618406e-55,4.11118862782033e-241,0.6740332701276073,0.664992541024366,0.6251093961333439,0.6227555555555555
115,58.0,0.0,2.7148606941618406e-55,4.11118862782033e-241,0.6740332701276073,0.7882347090999503,0.7776274962208608,0.04017777777777778
116,59.0,1.0,3.162213659632955e-49,4.247373173995205e-236,0.6686644316841176,0.6431640935858666,0.6063186375935062,0.6554293825408091
117,59.0,0.0,3.162213659632955e-49,4.247373173995205e-236,0.6686644316841176,0.7875716218367023,0.7762215502148655,0.040809084457061745
118,60.0,1.0,3.9108616429593677e-51,8.122754492917866e-231,0.6692506492973107,0.6505092905741455,0.6036046789209836,0.656499379322575
119,60.0,0.0,3.9108616429593677e-51,8.122754492917866e-231,0.6692506492973107,0.7878287510444436,0.7770350919073764,0.036531299875864516
120,61.0,1.0,4.1531980807232235e-46,5.308436754857435e-233,0.6689941838176947,0.6412721452289583,0.6011054996619876,0.6628257401170006
121,61.0,0.0,4.1531980807232235e-46,5.308436754857435e-233,0.6689941838176947,0.786411627860736,0.7767924603332406,0.03385924481474916
122,62.0,1.0,1.9088396039341509e-47,1.0599479848149713e-238,0.6692389556462706,0.6635559482561776,0.6211579699785561,0.628005657708628
123,62.0,0.0,1.9088396039341509e-47,1.0599479848149713e-238,0.6692389556462706,0.7870283042282605,0.7765467397347312,0.03483026874115983
124,63.0,1.0,3.134000022922439e-50,5.809470123806112e-224,0.6651087479909745,0.6503730306758204,0.6080400015873646,0.6421127009362303
125,63.0,0.0,3.134000022922439e-50,5.809470123806112e-224,0.6651087479909745,0.786221675463312,0.7767371721100044,0.0356827415650945
126,64.0,1.0,3.530317117693805e-43,2.421065250678218e-212,0.6640879594277271,0.6754721479877207,0.625630836479237,0.5985116938341601
127,64.0,0.0,3.530317117693805e-43,2.421065250678218e-212,0.6640879594277271,0.7852111626613152,0.7771110669580767,0.029057406094968107
128,65.0,1.0,1.2561637717541219e-42,4.562236648760129e-226,0.6667280498223406,0.6761491449843728,0.6311263287813035,0.5989685221412058
129,65.0,0.0,1.2561637717541219e-42,4.562236648760129e-226,0.6667280498223406,0.7854199430653156,0.777481387108333,0.02881024364218389
130,66.0,1.0,1.0814022803418729e-42,3.027001075036913e-227,0.6658987799624289,0.6495392737958858,0.6082798740885365,0.6449609652235628
131,66.0,0.0,1.0814022803418729e-42,3.027001075036913e-227,0.6658987799624289,0.7853464162972555,0.7761485436506356,0.03353442157558552
132,67.0,1.0,2.577950542092893e-32,2.3054782475356085e-205,0.6597710276526313,0.6571835701616279,0.6056837657937741,0.6323998582063098
133,67.0,0.0,2.577950542092893e-32,2.3054782475356085e-205,0.6597710276526313,0.7865954520995675,0.7748017059269002,0.03030840127614321
134,68.0,1.0,2.1749191865354017e-33,6.484252392243978e-208,0.6634756467745397,0.6239089713443067,0.5777538657739518,0.6865909897126641
135,68.0,0.0,2.1749191865354017e-33,6.484252392243978e-208,0.6634756467745397,0.7843948029173807,0.7754662840746055,0.02855622561191912
136,69.0,1.0,9.803055201747607e-37,2.8103797695322704e-227,0.6639162644772466,0.6729303103290404,0.626458059636132,0.608741815607857
137,69.0,0.0,9.803055201747607e-37,2.8103797695322704e-227,0.6639162644772466,0.7848199534207855,0.7758270631792666,0.027605733498495842
138,70.0,1.0,1.4814564856371852e-27,9.286386513292415e-193,0.6574411490130618,0.6143483491246036,0.5675256502028155,0.69219908224497
139,70.0,0.0,1.4814564856371852e-27,9.286386513292415e-193,0.6574411490130618,0.7847548790551088,0.7745565895172194,0.024885280621249558
140,71.0,1.0,8.575887935158408e-41,5.611073838603489e-227,0.6643537123258515,0.6473998227038656,0.6047011952191235,0.6515877239666489
141,71.0,0.0,8.575887935158408e-41,5.611073838603489e-227,0.6643537123258515,0.7839178461507814,0.7771314741035856,0.024126308320028385
142,72.0,1.0,1.7002674376473713e-38,9.684790710419225e-241,0.6696711995143385,0.665479113027164,0.6261775506945553,0.6207264957264957
143,72.0,0.0,1.7002674376473713e-38,9.684790710419225e-241,0.6696711995143385,0.7849629762688861,0.7769439565703337,0.026887464387464387
144,73.0,1.0,1.4288672203580763e-31,9.46049053237007e-205,0.6604652036719959,0.6185729695177979,0.5718509048779513,0.6950720512364348
145,73.0,0.0,1.4288672203580763e-31,9.46049053237007e-205,0.6604652036719959,0.7855159602093404,0.7759578123127322,0.024728695961572674
146,74.0,1.0,3.611108429304002e-37,1.3375853785927433e-210,0.6638237425195754,0.6694912713718986,0.6214876693712779,0.6062655749377003
147,74.0,0.0,3.611108429304002e-37,1.3375853785927433e-210,0.6638237425195754,0.7837778421752121,0.7764898677005476,0.026343894624421504
148,75.0,1.0,1.4702338453311262e-37,2.3148607951058947e-192,0.6566535349372056,0.6422033932175616,0.5919827345030174,0.648220640569395
149,75.0,0.0,1.4702338453311262e-37,2.3148607951058947e-192,0.6566535349372056,0.7839171879059171,0.7767075656448583,0.024555160142348754
150,76.0,1.0,6.276733669661836e-50,2.2660626242952257e-201,0.6602212478540683,0.5945765215481965,0.5547926064912772,0.7220248667850799
151,76.0,0.0,6.276733669661836e-50,2.2660626242952257e-201,0.6602212478540683,0.7843783060861927,0.7775959120124556,0.027175843694493784
152,77.0,1.0,1.6642511368830285e-30,4.066243765306005e-213,0.6646269971322591,0.6269162868171436,0.5851585876720526,0.677367860943597
153,77.0,0.0,1.6642511368830285e-30,4.066243765306005e-213,0.6646269971322591,0.7838099322754067,0.7759425493716338,0.021284143313231644
154,78.0,1.0,5.75315033186543e-32,2.6151174287235824e-188,0.6574158030286402,0.6360421910583723,0.5895161612529466,0.6494038085068518
155,78.0,0.0,5.75315033186543e-32,2.6151174287235824e-188,0.6574158030286402,0.7858584042510688,0.7761796316273123,0.02402562733582488
156,79.0,1.0,5.690729825437002e-29,1.4972591828249608e-187,0.6552336129834648,0.6207231278833548,0.5783364022095909,0.6698248122988917
157,79.0,0.0,5.690729825437002e-29,1.4972591828249608e-187,0.6552336129834648,0.7851031252814554,0.7764790649267472,0.02306042188058634
158,80.0,1.0,3.258597516975861e-20,4.712899420772722e-221,0.6611249818938496,0.6609719704783745,0.6140196274784698,0.6299072091363311
159,80.0,0.0,3.258597516975861e-20,4.712899420772722e-221,0.6611249818938496,0.7845862666359567,0.7742439415181254,0.023911491791577446
160,81.0,1.0,1.456690373861351e-28,1.5307775879804793e-188,0.6539819916823267,0.6212333707324892,0.574468085106383,0.6776034236804565
161,81.0,0.0,1.456690373861351e-28,1.5307775879804793e-188,0.6539819916823267,0.7841901747074852,0.7750530913170653,0.026569186875891583
162,82.0,1.0,3.1458173523128573e-43,1.4584033559910798e-194,0.6580051790811549,0.6134405801746935,0.5683721302936816,0.6934736091298146
163,82.0,0.0,3.1458173523128573e-43,1.4584033559910798e-194,0.6580051790811549,0.7836966103053129,0.7769542048960295,0.02746077032810271
164,83.0,1.0,2.680244831724266e-38,6.621895359848407e-213,0.6637745416932924,0.6479739869934967,0.6044901552745318,0.6413719566376399
165,83.0,0.0,2.680244831724266e-38,6.621895359848407e-213,0.6637745416932924,0.7843821910955477,0.7756523131102929,0.02896747822996268
166,84.0,1.0,3.243658012347858e-29,8.114881862494319e-191,0.6561407766279553,0.6547371577053768,0.604892868564119,0.6219858156028368
167,84.0,0.0,3.243658012347858e-29,8.114881862494319e-191,0.6561407766279553,0.7826004397361583,0.774784138151583,0.02446808510638298
168,85.0,1.0,1.9471687503254298e-38,1.1796113381928432e-208,0.6630112547809351,0.6156364510121944,0.5704216891594249,0.701087925807027
169,85.0,0.0,1.9471687503254298e-38,1.1796113381928432e-208,0.6630112547809351,0.7839150197232735,0.776901205398262,0.02443374353486713
170,86.0,1.0,3.0342860747374194e-31,3.449116524773216e-210,0.6634333074128487,0.6803422575759096,0.6331099787345023,0.583050241373145
171,86.0,0.0,3.0342860747374194e-31,3.449116524773216e-210,0.6634333074128487,0.7845141487195434,0.7763511615776592,0.02288575004469873
172,87.0,1.0,1.6139972434714366e-33,6.446252426665958e-183,0.6560588310622566,0.6622123609493594,0.6113810690333722,0.6035376094336251
173,87.0,0.0,1.6139972434714366e-33,6.446252426665958e-183,0.6560588310622566,0.7835629091201156,0.7762740452190675,0.02304806146149723
174,88.0,1.0,1.1982817744239902e-42,1.8978678537018695e-201,0.658686455873759,0.6870837811504967,0.6402571313780635,0.5607576840600429
175,88.0,0.0,1.1982817744239902e-42,1.8978678537018695e-201,0.658686455873759,0.7830890846449773,0.7770992366412214,0.024303073624017155
176,89.0,1.0,1.9213896407308568e-33,8.108638104630992e-203,0.6589769611209946,0.6712599809169889,0.622931062188655,0.5977463781076731
177,89.0,0.0,1.9213896407308568e-33,8.108638104630992e-203,0.6589769611209946,0.7841912318585849,0.7765547163747388,0.02199964228223931
178,90.0,1.0,3.270496722357731e-32,1.942536058019886e-213,0.6615564315736134,0.6626670412135318,0.6152333560736787,0.6213903743315508
179,90.0,0.0,3.270496722357731e-32,1.942536058019886e-213,0.6615564315736134,0.7836791203499338,0.7758337011918617,0.022459893048128343
180,91.0,1.0,5.398459455879439e-36,8.817574819404394e-194,0.6591256629228991,0.6048385480347157,0.5601699671289987,0.7072
181,91.0,0.0,5.398459455879439e-36,8.817574819404394e-194,0.6591256629228991,0.783868834058247,0.7758758919265614,0.022933333333333333
182,92.0,1.0,1.2809679343824963e-27,1.4284025014682913e-194,0.6608030028774409,0.6130650241759124,0.5743519781718963,0.6829529243937232
183,92.0,0.0,1.2809679343824963e-27,1.4284025014682913e-194,0.6608030028774409,0.7823064422285978,0.775660059385282,0.02014978601997147
184,93.0,1.0,1.841069356810116e-48,2.654219484441555e-192,0.6557267924334313,0.6721387236778653,0.6220614828209765,0.5906244408659868
185,93.0,0.0,1.841069356810116e-48,2.654219484441555e-192,0.6557267924334313,0.7838771901623534,0.7777375929274664,0.02612274109858651
186,94.0,1.0,1.2959197296412506e-43,1.0253703802060415e-196,0.656523248980464,0.6470529109038275,0.6020022515278225,0.6337625178826896
187,94.0,0.0,1.2959197296412506e-43,1.0253703802060415e-196,0.656523248980464,0.7830994692827276,0.7771791572853007,0.02449928469241774
188,95.0,1.0,2.2510708651845116e-30,8.39381252262077e-183,0.6525268350691328,0.5833525988320082,0.5399646188485043,0.7333571939871153
189,95.0,0.0,2.2510708651845116e-30,8.39381252262077e-183,0.6525268350691328,0.7836099188838743,0.7759327758121582,0.023264137437365783
190,96.0,1.0,1.0103646336708538e-31,9.48326374292818e-196,0.6561484908788972,0.6222132918069021,0.5747870117344478,0.6834854177849347
191,96.0,0.0,1.0103646336708538e-31,9.48326374292818e-196,0.6561484908788972,0.7815843673079821,0.7768043722874136,0.018071211307926285
192,97.0,1.0,1.3625389532148248e-33,1.5333773936816255e-214,0.660208066962555,0.5998796147672553,0.5613338148549416,0.7217763509898342
193,97.0,0.0,1.3625389532148248e-33,1.5333773936816255e-214,0.660208066962555,0.7827748796147672,0.7760924521487902,0.02282860709827002
194,98.0,1.0,7.946854527083446e-27,3.359149603649116e-203,0.6580763018626921,0.6592024847209699,0.6083837614715666,0.6260220405261286
195,98.0,0.0,7.946854527083446e-27,3.359149603649116e-203,0.6580763018626921,0.7817352970644224,0.7749368813369134,0.02132954141485958
196,99.0,1.0,3.4199697896870496e-36,4.532587636901472e-211,0.6622353718594037,0.6666532901271106,0.6225521669341894,0.6050330180260575
197,99.0,0.0,3.4199697896870496e-36,4.532587636901472e-211,0.6622353718594037,0.7820761058218044,0.7765248796147672,0.023023380331965018
198,100.0,1.0,7.125301457919485e-32,1.883653307436957e-182,0.6573103897370103,0.6119974281179047,0.563029937713482,0.6934241175416592
199,100.0,0.0,7.125301457919485e-32,1.883653307436957e-182,0.6573103897370103,0.7830577266973417,0.7769338959212377,0.0200680881562444
200,101.0,1.0,1.1423135514702782e-28,2.7002565951410044e-197,0.6548408920878085,0.6887948452468311,0.6417514374170721,0.5543225344549848
201,101.0,0.0,1.1423135514702782e-28,2.7002565951410044e-197,0.6548408920878085,0.783114363546808,0.7760443890474851,0.02112045820655092
202,102.0,1.0,1.8064750755421005e-37,8.481956905829433e-186,0.6571241180777568,0.6174025791277603,0.5703373135528484,0.6831577067333452
203,102.0,0.0,1.8064750755421005e-37,8.481956905829433e-186,0.6571241180777568,0.7835683629675047,0.7761428054516946,0.025361671727094123
204,103.0,1.0,6.8401934409495545e-49,7.501225849812452e-187,0.6527610280225986,0.6697879095375403,0.6175454107056744,0.5947829194211185
205,103.0,0.0,6.8401934409495545e-49,7.501225849812452e-187,0.6527610280225986,0.7839610983291974,0.7770856775438032,0.030016080042880113
206,104.0,1.0,1.308376912814553e-40,2.164180447894943e-200,0.6597762685842241,0.6707696320372377,0.6222061715019461,0.5967540574282147
207,104.0,0.0,1.308376912814553e-40,2.164180447894943e-200,0.6597762685842241,0.7833253079731953,0.7765739737570724,0.025682182985553772
208,105.0,1.0,2.3815271964300374e-64,8.294442265141286e-191,0.6558482278107597,0.6442845402978493,0.5944840856249499,0.642551674982181
209,105.0,0.0,2.3815271964300374e-64,8.294442265141286e-191,0.6558482278107597,0.7832575013529495,0.7783612603222961,0.03189593727726301
210,106.0,1.0,1.8599400969151772e-42,8.144107364036908e-194,0.6563481829354135,0.6751494603378405,0.6229587128355334,0.5898535191139693
211,106.0,0.0,1.8599400969151772e-42,8.144107364036908e-194,0.6563481829354135,0.7844360630742687,0.7768326445451992,0.02840300107181136
212,107.0,1.0,3.7781006950408e-40,8.912160584888385e-169,0.6516494910105861,0.6244236622434732,0.5780295724847316,0.6546040845575063
213,107.0,0.0,3.7781006950408e-40,8.912160584888385e-169,0.6516494910105861,0.7838293939789656,0.7772018643522983,0.025797205302758867
214,108.0,1.0,3.0574535508006638e-40,1.4062029162900159e-189,0.6564158415569513,0.6505165621482554,0.6063030108132009,0.6195593766792047
215,108.0,0.0,3.0574535508006638e-40,1.4062029162900159e-189,0.6564158415569513,0.7833051937610548,0.7774651284318849,0.02203116603976357
216,109.0,1.0,5.777288986226134e-39,1.0064314495672946e-165,0.6472719000140076,0.6372698769997588,0.5831658493448026,0.6423331544104491
217,109.0,0.0,5.777288986226134e-39,1.0064314495672946e-165,0.6472719000140076,0.7838853605595305,0.7767505426481228,0.025407049561638934
218,110.0,1.0,3.607565265226669e-45,3.2778933268066634e-166,0.6503811616613765,0.6529294187366286,0.6004017677782242,0.610205908683975
219,110.0,0.0,3.607565265226669e-45,3.2778933268066634e-166,0.6503811616613765,0.7836257897327213,0.7776617115307353,0.02560429722470904
220,111.0,1.0,9.412964782528025e-45,9.187410360511051e-194,0.6579005317210217,0.640974464926885,0.5930918281381634,0.647962830593281
221,111.0,0.0,9.412964782528025e-45,9.187410360511051e-194,0.6579005317210217,0.7829117605760937,0.77734986159586,0.027162258756254467
222,112.0,1.0,2.821515778949188e-35,2.5772657379255314e-177,0.6520757110740176,0.6446560719399966,0.5951293759512938,0.6296098343132015
223,112.0,0.0,2.821515778949188e-35,2.5772657379255314e-177,0.6520757110740176,0.7839997596659356,0.7760554353921333,0.0258328879387137
224,113.0,1.0,1.2453073637430114e-50,3.353540684084159e-190,0.656238863768188,0.6289355472666747,0.5830592764899334,0.6636266094420601
225,113.0,0.0,1.2453073637430114e-50,3.353540684084159e-190,0.656238863768188,0.7845726547146352,0.7778535333279859,0.030400572246065807
226,114.0,1.0,9.036073934513448e-58,1.6168104389570283e-188,0.6535427211853212,0.694480154266431,0.6414108950666881,0.5475550779150994
227,114.0,0.0,9.036073934513448e-58,1.6168104389570283e-188,0.6535427211853212,0.7835850875783384,0.7786437409609513,0.0291957728819631
228,115.0,1.0,1.1862582562177302e-35,7.258593891846928e-200,0.659211702634489,0.6240415632442644,0.58091486453895,0.6757917337627483
229,115.0,0.0,1.1862582562177302e-35,7.258593891846928e-200,0.659211702634489,0.7835616163037252,0.7765093657046387,0.024154589371980676
230,116.0,1.0,1.2301933244565897e-42,6.430972311220206e-187,0.6547326734106419,0.6566102205919301,0.6093580415644974,0.6112403794523
231,116.0,0.0,1.2301933244565897e-42,6.430972311220206e-187,0.6547326734106419,0.784171649665846,0.7773847328857981,0.02380526221585824
232,117.0,1.0,1.0172614455586243e-37,8.312753323701619e-193,0.6571357433211805,0.6327600755414473,0.5890388942462231,0.654974946313529
233,117.0,0.0,1.0172614455586243e-37,8.312753323701619e-193,0.6571357433211805,0.7830895648330454,0.7769206043072967,0.023801002147458842
234,118.0,1.0,2.824738177300499e-39,7.41962246044836e-204,0.6621883358239159,0.6104435394892576,0.5675827482447342,0.7025147137506688
235,118.0,0.0,2.824738177300499e-39,7.41962246044836e-204,0.6621883358239159,0.7836165218961263,0.7760080240722167,0.029070804351703228
236,119.0,1.0,9.305806749001782e-45,3.401222864667389e-189,0.6572844390956658,0.6457425167102586,0.6019721019721019,0.626711719722568
237,119.0,0.0,9.305806749001782e-45,3.401222864667389e-189,0.6572844390956658,0.7825912675745824,0.7764149430816097,0.02774319758136226
238,120.0,1.0,8.351858260205732e-46,5.852456775914178e-185,0.6530438115095224,0.6416576381365113,0.5878977569118414,0.6500802568218299
239,120.0,0.0,8.351858260205732e-46,5.852456775914178e-185,0.6530438115095224,0.7833955298744031,0.7768548613619036,0.02835741037988229
240,121.0,1.0,1.6771384880072415e-36,1.6544043133212998e-187,0.6598387091691719,0.6141845396554322,0.5654357696789488,0.6933118741058655
241,121.0,0.0,1.6771384880072415e-36,1.6544043133212998e-187,0.6598387091691719,0.7829323421568135,0.776268734680757,0.026466380543633764
242,122.0,1.0,9.64754667025239e-48,1.8299031756846685e-192,0.6554156301642722,0.6583890256771017,0.6078707239618925,0.6186819074834792
243,122.0,0.0,9.64754667025239e-48,1.8299031756846685e-192,0.6554156301642722,0.7833777197125773,0.7768219640631909,0.030005358099660654
244,123.0,1.0,3.8904601388836314e-56,2.5969860405588122e-197,0.6569087412052288,0.6762273252600371,0.6203722313783816,0.5979307884409562
245,123.0,0.0,3.8904601388836314e-56,2.5969860405588122e-197,0.6569087412052288,0.7837998090548214,0.7772239417936246,0.03210845522654299
246,124.0,1.0,7.587692719852995e-36,5.269687378086637e-187,0.6563176675818055,0.622664630961469,0.57073405922295,0.6833095577746077
247,124.0,0.0,7.587692719852995e-36,5.269687378086637e-187,0.6563176675818055,0.7845735063682752,0.775402788380409,0.027639087018544936
248,125.0,1.0,3.1534873158700562e-37,2.73999302801125e-210,0.6647035832967184,0.6552668539325842,0.6056338028169014,0.6373665480427047
249,125.0,0.0,3.1534873158700562e-37,2.73999302801125e-210,0.6647035832967184,0.7835874799357946,0.7755306769391277,0.026690391459074734
250,126.0,1.0,1.8761583199614437e-32,3.2238244895778745e-188,0.6535240844586662,0.641965412901028,0.5945014427701186,0.6398440269408011
251,126.0,0.0,1.8761583199614437e-32,3.2238244895778745e-188,0.6535240844586662,0.7824980462096467,0.774406861173453,0.02587734845799362
252,127.0,1.0,2.594993036841699e-51,1.8467328723523914e-196,0.6583354230835553,0.6716894060995184,0.6218450302957346,0.593877914219612
253,127.0,0.0,2.594993036841699e-51,1.8467328723523914e-196,0.6583354230835553,0.7828651685393259,0.7768147345612134,0.02989855846235985
254,128.0,1.0,4.991894744440586e-43,1.8288771446935877e-183,0.6576143040281383,0.5994796218719548,0.5538455356425299,0.7101320014270425
255,128.0,0.0,4.991894744440586e-43,1.8288771446935877e-183,0.6576143040281383,0.7837718372964447,0.7765008438479466,0.026400285408490903
256,129.0,1.0,1.5066247773622705e-41,1.4051851249318916e-216,0.6663985467485514,0.6689650320129459,0.6188638282474973,0.6168657514708504
257,129.0,0.0,1.5066247773622705e-41,1.4051851249318916e-216,0.6663985467485514,0.783256776994904,0.7759819885015881,0.027455874487430913
258,130.0,1.0,4.770074570170114e-41,1.1022158541398537e-204,0.6584361684684445,0.6198464228998734,0.5757819409825521,0.6887700534759358
259,130.0,0.0,4.770074570170114e-41,1.1022158541398537e-204,0.6584361684684445,0.7840975335196092,0.775870386749216,0.027629233511586453
260,131.0,1.0,8.890252985864974e-37,1.4773557604973383e-205,0.6604272554957236,0.6561310091927463,0.6092268124095804,0.6266690404130318
261,131.0,0.0,8.890252985864974e-37,1.4773557604973383e-205,0.6604272554957236,0.7834430099964836,0.7751165407490758,0.027772832472850277
262,132.0,1.0,1.0892139268426686e-56,6.957511965153431e-219,0.667170401560918,0.6466019807146226,0.6043506180767378,0.6466927453769559
263,132.0,0.0,1.0892139268426686e-56,6.957511965153431e-219,0.667170401560918,0.7836967319212129,0.7769706212875261,0.03147226173541963
264,133.0,1.0,6.2566852591677085e-53,7.397244388514102e-208,0.6631885478279471,0.632247393744988,0.5858059342421812,0.6725239616613419
265,133.0,0.0,6.2566852591677085e-53,7.397244388514102e-208,0.6631885478279471,0.7841319165998396,0.7761427425821973,0.03390131345402911
266,134.0,1.0,2.612957200585011e-42,6.45501848217374e-219,0.6636722357488549,0.6848975578431963,0.6373560219930168,0.5807083110873821
267,134.0,0.0,2.612957200585011e-42,6.45501848217374e-219,0.6636722357488549,0.7822426905865592,0.7757755749086969,0.02972059085246485
268,135.0,1.0,3.475742475636559e-42,3.163880860349548e-226,0.6648458396442193,0.6579518508098549,0.6166150878180138,0.6292656780418081
269,135.0,0.0,3.475742475636559e-42,3.163880860349548e-226,0.6648458396442193,0.7826654877215546,0.7764559302278847,0.028586742897981063
270,136.0,1.0,2.0210466395014655e-39,1.2639839676658233e-236,0.6694431208877584,0.6493129203148403,0.6058705267390431,0.6581013561741613
271,136.0,0.0,2.0210466395014655e-39,1.2639839676658233e-236,0.6694431208877584,0.7829994270147468,0.775794129473261,0.02819414703783012
272,137.0,1.0,1.3451767490509805e-35,1.1935962000059173e-218,0.6663615933130507,0.6547536467915271,0.6103828212964453,0.6353256021409456
273,137.0,0.0,1.3451767490509805e-35,1.1935962000059173e-218,0.6663615933130507,0.784077771410763,0.7750522760173717,0.02925958965209634
274,138.0,1.0,3.176839116900564e-39,2.206201177277194e-232,0.6638244152187658,0.6938869850968254,0.645831658493448,0.5738727499554447
275,138.0,0.0,3.176839116900564e-39,2.206201177277194e-232,0.6638244152187658,0.7836979569687164,0.7755446579307018,0.028337194795936552
276,139.0,1.0,6.438766015798254e-48,1.1915934478704161e-206,0.6636315381128417,0.6605913406531645,0.6143717382577278,0.6173278776018502
277,139.0,0.0,6.438766015798254e-48,1.1915934478704161e-206,0.6636315381128417,0.7846203255785945,0.7758731433159374,0.033268101761252444
278,140.0,1.0,7.049795459151409e-39,6.703845741650508e-219,0.6621401138289466,0.6539062969868287,0.6065915560723307,0.6420716566158212
279,140.0,0.0,7.049795459151409e-39,6.703845741650508e-219,0.6621401138289466,0.7841562919749002,0.7745078384988573,0.03157147924796027
280,141.0,1.0,4.5782726478300125e-35,4.42903147059658e-233,0.6695992290758679,0.6802986662384714,0.6334551001565574,0.6002850017812611
281,141.0,0.0,4.5782726478300125e-35,4.42903147059658e-233,0.6695992290758679,0.7833365113455034,0.7753602826060776,0.026897043106519417
282,142.0,1.0,1.3551444457547412e-57,3.5967421730115316e-217,0.6652282996531946,0.6875854168341506,0.6400032156925798,0.5742857142857143
283,142.0,0.0,1.3551444457547412e-57,3.5967421730115316e-217,0.6652282996531946,0.7829106037462819,0.7777152504220597,0.030892857142857142
284,143.0,1.0,9.872015181353535e-45,1.1028984581795826e-215,0.6664296817841462,0.6786116473616474,0.6328024453024453,0.5881722351259603
285,143.0,0.0,9.872015181353535e-45,1.1028984581795826e-215,0.6664296817841462,0.783512306949807,0.7765041827541828,0.02948007861354297
286,144.0,1.0,2.6806189645136096e-39,9.515124230594782e-218,0.6688618828876927,0.6325695498738199,0.5879514196091048,0.6771428571428572
287,144.0,0.0,2.6806189645136096e-39,9.515124230594782e-218,0.6688618828876927,0.7834125938810187,0.7757982787742299,0.02892857142857143
288,145.0,1.0,1.0863418893806623e-48,6.576871443603619e-212,0.6648160355552768,0.6278644367612768,0.582070351758794,0.6832797427652733
289,145.0,0.0,1.0863418893806623e-48,6.576871443603619e-212,0.6648160355552768,0.7848054193133392,0.7765226130653267,0.03358342265094676
290,146.0,1.0,6.02801428546915e-58,1.5170213921057827e-212,0.6659844715902552,0.664304143116724,0.6157892623378709,0.6194800569800569
291,146.0,0.0,6.02801428546915e-58,1.5170213921057827e-212,0.6659844715902552,0.7851843671883627,0.7768541942737823,0.03596866096866097
292,147.0,1.0,3.13076482385143e-49,1.6885534537496405e-220,0.6666245179898216,0.6539746225989267,0.6072861498956829,0.6422099840113696
293,147.0,0.0,3.13076482385143e-49,1.6885534537496405e-220,0.6666245179898216,0.7848738652891318,0.775397207510833,0.03659619825901581
294,148.0,1.0,2.854961776850914e-53,3.456807819126166e-236,0.6705847332636518,0.6758181088134912,0.6299285312776038,0.6101301943998573
295,148.0,0.0,2.854961776850914e-53,3.456807819126166e-236,0.6705847332636518,0.7857759486046979,0.7762788083192805,0.039058319957196365
296,149.0,1.0,3.9682899956482046e-68,7.479231898813634e-208,0.6636982668496585,0.6862147982874027,0.6362613065326633,0.5746735825433733
297,149.0,0.0,3.9682899956482046e-68,7.479231898813634e-208,0.6636982668496585,0.7866087760558002,0.7777688442211055,0.04435700232516544
298,150.0,1.0,1.2378560366036176e-67,4.592896415303744e-235,0.6741643333351889,0.6187100990298094,0.5786785699923593,0.7072603719599427
299,150.0,0.0,1.2378560366036176e-67,4.592896415303744e-235,0.6741643333351889,0.7874327652943246,0.7771745687055134,0.04774678111587983
300,151.0,1.0,1.8063058335387631e-62,3.059306900259636e-231,0.6720989889949592,0.6094610898853811,0.5738759752272179,0.7129314970488285
301,151.0,0.0,1.8063058335387631e-62,3.059306900259636e-231,0.6720989889949592,0.7883872913734165,0.7767634521032736,0.046145591128599533
302,152.0,1.0,1.8821385470807455e-65,8.665918800772593e-220,0.6686547144009855,0.6254032379631583,0.5864453109297745,0.6816472694717994
303,152.0,0.0,1.8821385470807455e-65,8.665918800772593e-220,0.6686547144009855,0.78629644145638,0.7776259195240584,0.04494180841539839
304,153.0,1.0,2.1849779660187326e-83,7.749342226587933e-246,0.6747806350586542,0.6884885588117222,0.6440528280679219,0.5886981402002861
305,153.0,0.0,2.1849779660187326e-83,7.749342226587933e-246,0.6747806350586542,0.7881774387796066,0.7789731443940427,0.050965665236051505
306,154.0,1.0,1.0117064240705633e-72,7.939319289546454e-236,0.6728520059953697,0.673325381631569,0.6265084392414706,0.6169376451670537
307,154.0,0.0,1.0117064240705633e-72,7.939319289546454e-236,0.6728520059953697,0.7873988914392246,0.7782945114861886,0.04716812578166875
308,155.0,1.0,7.385233642436188e-86,3.2042595083868237e-229,0.6739305028888594,0.6457948615014051,0.6020232026012605,0.6601436265709156
309,155.0,0.0,7.385233642436188e-86,3.2042595083868237e-229,0.6739305028888594,0.7882476916900844,0.7799365742041668,0.05224416517055655
310,156.0,1.0,7.127421381866341e-54,1.1972522317387617e-231,0.6755947237557979,0.6346331658291458,0.5895642386235729,0.6854417851358646
311,156.0,0.0,7.127421381866341e-54,1.1972522317387617e-231,0.6755947237557979,0.7898693467336684,0.7765717961086992,0.048227460860176354
312,157.0,1.0,6.032299726083131e-85,2.2935011396396623e-229,0.6749318536013345,0.6332545628236714,0.5903386694553938,0.6823169634826408
313,157.0,0.0,6.032299726083131e-85,2.2935011396396623e-229,0.6749318536013345,0.7896324601538539,0.7797039658917223,0.05360676380644001
314,158.0,1.0,4.1776258472179155e-81,2.5115729987535648e-238,0.6758148762244571,0.6511408086719559,0.6085592470436811,0.6550917596257647
315,158.0,0.0,4.1776258472179155e-81,2.5115729987535648e-238,0.6758148762244571,0.7874546240711132,0.7795832998149786,0.05127743792731198
316,159.0,1.0,6.264937007529312e-79,2.277734536582638e-226,0.6763128164570821,0.6359267711548322,0.5867379765160045,0.6865779057214826
317,159.0,0.0,6.264937007529312e-79,2.277734536582638e-226,0.6763128164570821,0.7883360645025084,0.7797571175808268,0.04803886290032386
318,160.0,1.0,2.076609056476347e-66,2.4041467154957918e-228,0.6723966295014996,0.6639523675649625,0.618995983935743,0.6267959770114943
319,160.0,0.0,2.076609056476347e-66,2.4041467154957918e-228,0.6723966295014996,0.7878830475119483,0.7777911646586345,0.05064655172413793
320,161.0,1.0,1.4511513843412972e-75,1.7273946101584135e-221,0.6687998603083625,0.62273917361341,0.5781638712783885,0.6979166666666666
321,161.0,0.0,1.4511513843412972e-75,1.7273946101584135e-221,0.6687998603083625,0.7870835715790424,0.7798330792071262,0.04454022988505747
322,162.0,1.0,4.14321584861402e-65,2.6571231381749956e-225,0.673545032508052,0.6470452400554205,0.6017830609212481,0.6578994775716087
323,162.0,0.0,4.14321584861402e-65,2.6571231381749956e-225,0.673545032508052,0.7874741471054798,0.7788040640938115,0.04701855521527653
324,163.0,1.0,2.147289494352043e-64,1.3099052992804622e-260,0.6802895510432738,0.647040492179018,0.6088302706180385,0.671418260555756
325,163.0,0.0,2.147289494352043e-64,1.3099052992804622e-260,0.6802895510432738,0.788391169729382,0.7785998632836061,0.048357993504150126
326,164.0,1.0,4.078284196270412e-63,3.0459283330985592e-238,0.6752009029589658,0.6090323099665135,0.571859539037046,0.7220320662943613
327,164.0,0.0,4.078284196270412e-63,3.0459283330985592e-238,0.6752009029589658,0.7887030761340668,0.7777241462531677,0.050261214195640426
328,165.0,1.0,3.475753455628239e-67,9.646962204565119e-216,0.6697997298425823,0.6302255654220175,0.589300080450523,0.6736861051115911
329,165.0,0.0,3.475753455628239e-67,9.646962204565119e-216,0.6697997298425823,0.7882420378322389,0.778037007240547,0.05057595392368611
330,166.0,1.0,1.5126437616630902e-68,5.463771255380209e-234,0.6755156205464325,0.6669213370193516,0.6244722345088263,0.6205718395971948
331,166.0,0.0,1.5126437616630902e-68,5.463771255380209e-234,0.6755156205464325,0.7877456647398844,0.7783585990590696,0.04873224240244561
332,167.0,1.0,6.424904139311269e-76,4.6239480747160175e-247,0.6768758596068456,0.6506043448580492,0.6090587857372309,0.6603265745558945
333,167.0,0.0,6.424904139311269e-76,4.6239480747160175e-247,0.6768758596068456,0.7885696502429426,0.778750401541921,0.05131885878342006
334,168.0,1.0,2.9425035065303853e-64,7.572665938525622e-258,0.6825105208078487,0.6283141470458465,0.5949783410877587,0.6943051575931232
335,168.0,0.0,2.9425035065303853e-64,7.572665938525622e-258,0.6825105208078487,0.787292928482612,0.7776752767527675,0.047098853868194845
336,169.0,1.0,1.8753036457937048e-86,8.13892601717194e-234,0.6744236107094094,0.6421521872270358,0.5994538371952933,0.6685827195976289
337,169.0,0.0,1.8753036457937048e-86,8.13892601717194e-234,0.6744236107094094,0.7881346572825574,0.7800489940163046,0.0520926890605353
338,170.0,1.0,1.6405143384537526e-80,1.0143698696223097e-251,0.6811458805603282,0.6324429744754858,0.5924243033495517,0.6952449567723343
339,170.0,0.0,1.6405143384537526e-80,1.0143698696223097e-251,0.6811458805603282,0.7889980195630976,0.7796453415899313,0.05259365994236311
340,171.0,1.0,5.306563265003834e-74,9.370114755177784e-251,0.6805128975207801,0.6372669308284893,0.5980127921477131,0.6842389348686578
341,171.0,0.0,5.306563265003834e-74,9.370114755177784e-251,0.6805128975207801,0.7892471388056399,0.7786314815559757,0.05199712126664268
342,172.0,1.0,1.966778223492423e-65,1.0628070264625696e-226,0.6786829341498499,0.6408190769292661,0.5943358275002012,0.6729661627069834
343,172.0,0.0,1.966778223492423e-65,1.0628070264625696e-226,0.6786829341498499,0.7881101087207958,0.7781800627564567,0.04787616990640749
344,173.0,1.0,2.324409524585456e-77,2.9605416495477974e-249,0.681291892485171,0.6406136893750503,0.5997104596453131,0.6799856011519079
345,173.0,0.0,2.324409524585456e-77,2.9605416495477974e-249,0.681291892485171,0.7859024370626558,0.7794667631801182,0.04967602591792657
346,174.0,1.0,1.2081522509233704e-74,7.292984954122156e-246,0.6781972034914281,0.6519774692008795,0.6074698795180723,0.662594322673374
347,174.0,0.0,1.2081522509233704e-74,7.292984954122156e-246,0.6781972034914281,0.7872727090173399,0.7789156626506024,0.05066475026949335
348,175.0,1.0,1.2589036947089837e-74,2.185102707284975e-250,0.6762661228998682,0.699181446111869,0.6569433856277335,0.5651705565529623
349,175.0,0.0,1.2589036947089837e-74,2.185102707284975e-250,0.6762661228998682,0.7882994944225985,0.7785178349315893,0.05385996409335727
350,176.0,1.0,2.174930480974218e-74,2.3057901518366654e-255,0.6809695738868079,0.6725804994126329,0.6313654618473895,0.6231988472622478
351,176.0,0.0,2.174930480974218e-74,2.3057901518366654e-255,0.6809695738868079,0.7883972408807495,0.7795180722891566,0.04989193083573487
352,177.0,1.0,1.126310808373263e-78,1.1596259901734493e-267,0.6866387328251927,0.6365464269915952,0.5994852822904938,0.6940878683782318
353,177.0,0.0,1.126310808373263e-78,1.1596259901734493e-267,0.6866387328251927,0.7880122250371979,0.7804005147177095,0.05116615440245887
354,178.0,1.0,1.450290768573841e-73,1.7922643659569556e-267,0.6845110747563599,0.6864143390229428,0.6518345671065336,0.5904159132007233
355,178.0,0.0,1.450290768573841e-73,1.7922643659569556e-267,0.6845110747563599,0.7873185745466249,0.7802140328290956,0.04737793851717902
356,179.0,1.0,1.0757908643850532e-74,4.334000123015938e-246,0.6799628258382999,0.6363554071451561,0.5960896326990385,0.6846667870688098
357,179.0,0.0,1.0757908643850532e-74,4.334000123015938e-246,0.6799628258382999,0.787324991953653,0.7796194231001328,0.051110709770633915
358,180.0,1.0,8.7639736662005e-68,2.5117929967322537e-242,0.6771302785524199,0.6370904483195559,0.5975060337892196,0.6793203181489516
359,180.0,0.0,8.7639736662005e-68,2.5117929967322537e-242,0.6771302785524199,0.7875158390152658,0.7796057924376508,0.04645697758496023
360,181.0,1.0,8.541927768679542e-82,1.512814892954642e-293,0.6883509155452437,0.6993319604199106,0.6611885723470085,0.5886384129846709
361,181.0,0.0,8.541927768679542e-82,1.512814892954642e-293,0.6883509155452437,0.7884675272489828,0.7804074416361956,0.05085662759242561
362,182.0,1.0,4.8770665416909647e-85,8.183949131498984e-270,0.6832874971333976,0.6867599245373901,0.6476939750331152,0.6000359841669666
363,182.0,0.0,4.8770665416909647e-85,8.183949131498984e-270,0.6832874971333976,0.7870288604343114,0.7795127042106531,0.05883411299028427
364,183.0,1.0,1.6698696305802507e-88,2.394288643559602e-279,0.6897771967469747,0.6422089342244108,0.6065441974514612,0.6891257225433526
365,183.0,0.0,1.6698696305802507e-88,2.394288643559602e-279,0.6897771967469747,0.7881915481634089,0.780922136913615,0.05509393063583815
366,184.0,1.0,7.6539534663995445e-93,1.4540334116693529e-255,0.6853646640524205,0.6633983309340931,0.6198510167102879,0.6469949312092687
367,184.0,0.0,7.6539534663995445e-93,1.4540334116693529e-255,0.6853646640524205,0.7886084741838388,0.7816388161868331,0.05376538740043447
368,185.0,1.0,1.0791589778659216e-86,7.8036127645631e-255,0.6823928518731179,0.6537035544450713,0.6069715897642555,0.6710645219591541
369,185.0,0.0,1.0791589778659216e-86,7.8036127645631e-255,0.6823928518731179,0.7886676875957122,0.7799314930485594,0.05837701066329297
370,186.0,1.0,4.27622866865157e-83,3.7435456870296024e-252,0.6805707595814152,0.6397500503930659,0.5977989196162219,0.6862461594071932
371,186.0,0.0,4.27622866865157e-83,3.7435456870296024e-252,0.6805707595814152,0.7879862930860714,0.7792469563815206,0.05964214711729622
372,187.0,1.0,2.186293334519252e-86,4.4293965285285775e-237,0.6755238705047107,0.6381273936706309,0.5997581132836122,0.6714285714285714
373,187.0,0.0,2.186293334519252e-86,4.4293965285285775e-237,0.6755238705047107,0.7877040919169522,0.7800846603507358,0.05714285714285714
374,188.0,1.0,2.8583706259330666e-88,8.750873897593438e-272,0.6863262547118478,0.6610947758488742,0.6225229579507008,0.6532563593721812
375,188.0,0.0,2.8583706259330666e-88,8.750873897593438e-272,0.6863262547118478,0.7877109598421074,0.7793620106331561,0.06206025617896446
376,189.0,1.0,7.124017010101148e-72,9.417200427365978e-269,0.6838292307322513,0.6710380643732764,0.6306763285024155,0.6345634563456346
377,189.0,0.0,7.124017010101148e-72,9.417200427365978e-269,0.6838292307322513,0.7874856579238713,0.7778180354267311,0.055445544554455446
378,190.0,1.0,2.0892973265024426e-92,2.7538934118459475e-250,0.6820580092061641,0.6613260781942765,0.6128330176131555,0.6564361798158512
379,190.0,0.0,2.0892973265024426e-92,2.7538934118459475e-250,0.6820580092061641,0.7873236598145908,0.7796138809399057,0.06409099115363784
380,191.0,1.0,5.8430394095520055e-87,6.921624237629928e-277,0.688534994287205,0.6684228055833106,0.6233498849461063,0.6559217674755523
381,191.0,0.0,5.8430394095520055e-87,6.921624237629928e-277,0.688534994287205,0.7891119387168075,0.7798231803318396,0.05994204998189062
382,192.0,1.0,1.7361055995329023e-106,4.97852889623839e-257,0.6819678480490818,0.6764272150620178,0.6315045248868778,0.6252036936447583
383,192.0,0.0,1.7361055995329023e-106,4.97852889623839e-257,0.6819678480490818,0.7887762110621793,0.7812702003878474,0.0648198442875249
384,193.0,1.0,2.2489371154813916e-103,8.055759228853378e-275,0.6872157649436615,0.67859596653599,0.6347249727195571,0.6316455696202532
385,193.0,0.0,2.2489371154813916e-103,8.055759228853378e-275,0.6872157649436615,0.7893949803984965,0.7808269005375258,0.06274864376130199
386,194.0,1.0,2.0001493888569913e-95,6.899408374049935e-276,0.6840397562760389,0.6588941311968963,0.6220399256445486,0.6576853526220615
387,194.0,0.0,2.0001493888569913e-95,6.899408374049935e-276,0.6840397562760389,0.7904648366858286,0.7797623858401358,0.06437613019891501
388,195.0,1.0,3.4963102448826855e-87,3.27308958089332e-260,0.6802995919069665,0.6512996517438046,0.6074211652602253,0.6741208295761948
389,195.0,0.0,3.4963102448826855e-87,3.27308958089332e-260,0.6802995919069665,0.7871599454903346,0.77885896555901,0.060595130748422
390,196.0,1.0,7.276318675404423e-80,2.431879954027638e-280,0.6819502817478429,0.6695075089007454,0.6257866709698241,0.6528077753779697
391,196.0,0.0,7.276318675404423e-80,2.431879954027638e-280,0.6819502817478429,0.7866846866836781,0.7776343391963854,0.06083513318934485
392,197.0,1.0,8.348151095557567e-83,2.75442424565753e-262,0.6826226470236336,0.6773017412030865,0.6309283348145754,0.6300849755921172
393,197.0,0.0,8.348151095557567e-83,2.75442424565753e-262,0.6826226470236336,0.7879347957823294,0.7785004443726267,0.06219490146447297
394,198.0,1.0,9.727408322482845e-79,1.4255391279398544e-261,0.6819186870739042,0.6309486481839238,0.5931140510579763,0.7022665457842249
395,198.0,0.0,9.727408322482845e-79,1.4255391279398544e-261,0.6819186870739042,0.7867640365339295,0.7795444430958449,0.05312783318223028
396,199.0,1.0,1.1154881138536362e-81,1.5225163412961754e-257,0.6814681150544394,0.6512183517073121,0.6122448979591837,0.6637071933321254
397,199.0,0.0,1.1154881138536362e-81,1.5225163412961754e-257,0.6814681150544394,0.7884006033548961,0.7782636864269518,0.06269251676028266
398,200.0,1.0,4.181326917823189e-90,4.67311302013887e-266,0.6864604083206112,0.6420780799027799,0.5986146554866933,0.6955575702629193
399,200.0,0.0,4.181326917823189e-90,4.67311302013887e-266,0.6864604083206112,0.7901463365233683,0.7796411066553247,0.061106074342701724
400,201.0,1.0,1.1617451793771055e-78,3.0254377931193453e-269,0.6858115321681989,0.6216555607315739,0.5828573743265686,0.7262164124909223
401,201.0,0.0,1.1617451793771055e-78,3.0254377931193453e-269,0.6858115321681989,0.7880420472728009,0.7796411066553247,0.05246913580246913
402,202.0,1.0,1.3167048267053257e-88,2.2985198487666905e-271,0.6853341910929203,0.6633983952078844,0.6283389995143274,0.6424297370806891
403,202.0,0.0,1.3167048267053257e-88,2.2985198487666905e-271,0.6853341910929203,0.7878153173663601,0.7797474502185527,0.060199456029011784
404,203.0,1.0,1.058081982142962e-80,3.9602171474879484e-277,0.683655448602003,0.67235729600712,0.6357605177993527,0.6316171138506164
405,203.0,0.0,1.058081982142962e-80,3.9602171474879484e-277,0.683655448602003,0.7873902665965452,0.779368932038835,0.05620014503263234
406,204.0,1.0,9.008596937256232e-91,7.247651650778517e-278,0.6841080927527652,0.6382250486066104,0.5989549578742709,0.7035486806187443
407,204.0,0.0,9.008596937256232e-91,7.247651650778517e-278,0.6841080927527652,0.7895333765392093,0.7806221646143876,0.06005459508644222
408,205.0,1.0,7.758650929293034e-71,1.8959023352106063e-255,0.6814978111711325,0.6864097363083165,0.6446797290170784,0.598284358459573
409,205.0,0.0,7.758650929293034e-71,1.8959023352106063e-255,0.6814978111711325,0.7910851926977688,0.7790353332522008,0.055484577477641905
410,206.0,1.0,3.106076135459869e-89,1.2081730780102464e-258,0.6815158844898852,0.6463293348758854,0.6086868276841891,0.6721371261852662
411,206.0,0.0,3.106076135459869e-89,1.2081730780102464e-258,0.6815158844898852,0.7879904199395157,0.7811650091333469,0.053792851932895694
412,207.0,1.0,1.5892000680388826e-75,2.7801926985565857e-245,0.6747975879959796,0.6552116222170333,0.6146755461707138,0.6506924198250729
413,207.0,0.0,1.5892000680388826e-75,2.7801926985565857e-245,0.6747975879959796,0.7894031532674796,0.7789734427028344,0.0564868804664723
414,208.0,1.0,4.5058469565151395e-86,9.927911713011581e-259,0.6778655145517417,0.6535470640786161,0.6145537237066515,0.6609582801967572
415,208.0,0.0,4.5058469565151395e-86,9.927911713011581e-259,0.6778655145517417,0.788292861203606,0.779826199951271,0.05975587538713791
416,209.0,1.0,2.979233732592551e-106,1.674344642883524e-240,0.6773797906701978,0.6578792550817544,0.6181685397817178,0.6401384083044983
417,209.0,0.0,2.979233732592551e-106,1.674344642883524e-240,0.6773797906701978,0.7894267050756685,0.7814744187933623,0.0661081770169368
418,210.0,1.0,1.2133751739806747e-79,1.4523309823771946e-258,0.6766444458213112,0.6985082492196684,0.653573310632778,0.5810614322064703
419,210.0,0.0,1.2133751739806747e-79,1.4523309823771946e-258,0.6766444458213112,0.788894969394787,0.7790344156633832,0.058524173027989825
420,211.0,1.0,2.01184782364501e-63,1.9307994161506497e-253,0.6772307306743389,0.6555839727195226,0.6142729560769667,0.6576691592194054
421,211.0,0.0,2.01184782364501e-63,1.9307994161506497e-253,0.6772307306743389,0.7900276052449966,0.7777867987334578,0.05471457231442641
422,212.0,1.0,7.054271610361999e-78,8.596182870413932e-246,0.679505610212789,0.648999756038058,0.6049196991258385,0.670078596234692
423,212.0,0.0,7.054271610361999e-78,8.596182870413932e-246,0.679505610212789,0.7886069773115394,0.7798332994511079,0.05538292816669713
424,213.0,1.0,2.5483427436508836e-80,2.7526683282018754e-235,0.6760516551061414,0.6663885893340387,0.6255798811752259,0.6221653255303584
425,213.0,0.0,2.5483427436508836e-80,2.7526683282018754e-235,0.6760516551061414,0.7869249394673123,0.7803776348986734,0.053035844915874174
426,214.0,1.0,1.177619969089156e-89,2.1402329589996939e-243,0.6770160388209588,0.646409233399829,0.6114888246549689,0.656106940120857
427,214.0,0.0,1.177619969089156e-89,2.1402329589996939e-243,0.6770160388209588,0.7871900826446281,0.7815006310304116,0.053836293719099065
428,215.0,1.0,1.4527566450318888e-75,2.3140746352953524e-253,0.6788606472563462,0.6770788804071247,0.6350201522615315,0.617372182517867
429,215.0,0.0,1.4527566450318888e-75,2.3140746352953524e-253,0.6788606472563462,0.7893740458015267,0.7801978585677645,0.05259299981674913
430,216.0,1.0,9.388139422003506e-67,3.272900340683804e-246,0.6735899987241563,0.6795281195972744,0.636700158646219,0.6082342177493139
431,216.0,0.0,9.388139422003506e-67,3.272900340683804e-246,0.6735899987241563,0.7891792942133632,0.7793190416141236,0.049771271729185725
432,217.0,1.0,1.6752158921077704e-83,1.4164636047932074e-253,0.678460065777579,0.6827738354242492,0.6384856248220894,0.610054844606947
433,217.0,0.0,1.6752158921077704e-83,1.4164636047932074e-253,0.678460065777579,0.7890547162522112,0.7806107925663861,0.0546617915904936
434,218.0,1.0,7.103219879044463e-73,6.08269455098979e-270,0.6815858619314971,0.684024632296809,0.6410308606790978,0.6174422865518505
435,218.0,0.0,7.103219879044463e-73,6.08269455098979e-270,0.6815858619314971,0.7884879637640593,0.7796596368373911,0.05368266764382558
436,219.0,1.0,2.5416197370539915e-68,1.2686572248773697e-264,0.6817292595574358,0.688144750254842,0.6477471967380224,0.6001103143960287
437,219.0,0.0,2.5416197370539915e-68,1.2686572248773697e-264,0.6817292595574358,0.7890825688073394,0.7803465851172273,0.047619047619047616
438,220.0,1.0,1.2646090253568293e-61,1.9666617537616292e-228,0.6730965493207978,0.6492328722405843,0.6035580218704096,0.6601727623598603
439,220.0,0.0,1.2646090253568293e-61,1.9666617537616292e-228,0.6730965493207978,0.7891520789978373,0.7791741472172352,0.048152913067450835
440,221.0,1.0,2.788358425857176e-70,1.4848782315533877e-255,0.6772533125380585,0.694324258132985,0.6506122448979592,0.5874447717231223
441,221.0,0.0,2.788358425857176e-70,1.4848782315533877e-255,0.6772533125380585,0.7902159271807012,0.7803265306122449,0.050073637702503684
442,222.0,1.0,2.3776186552963493e-68,4.12286027496441e-235,0.6749360163467117,0.6733610907012817,0.6292909914690396,0.6155261221486387
443,222.0,0.0,2.3776186552963493e-68,4.12286027496441e-235,0.6749360163467117,0.7903808474161156,0.779868566063921,0.0504047093451067
444,223.0,1.0,3.6795086363062706e-80,1.7147043827286307e-235,0.6734152620798639,0.6592709660973745,0.6172356131979282,0.6394195444526084
445,223.0,0.0,3.6795086363062706e-80,1.7147043827286307e-235,0.6734152620798639,0.7892735151669641,0.7807822504996126,0.053453343130051435
446,224.0,1.0,5.411587672243653e-53,1.4729471254969651e-224,0.6718269683097974,0.6592025102385949,0.6156886715566422,0.6335472043996334
447,224.0,0.0,5.411587672243653e-53,1.4729471254969651e-224,0.6718269683097974,0.7874854825892948,0.7786063569682151,0.04216315307057745
448,225.0,1.0,1.3823039447359096e-69,1.0734308733071641e-244,0.6775223829504528,0.6292340026118185,0.5928419849820438,0.6925769018235403
449,225.0,0.0,1.3823039447359096e-69,1.0734308733071641e-244,0.6775223829504528,0.7895649689846556,0.780484818805093,0.04936452385338
450,226.0,1.0,1.0157853199817404e-57,5.427225959918003e-233,0.6726388423020717,0.6566374032928961,0.6148720464393753,0.6426858513189448
451,226.0,0.0,1.0157853199817404e-57,5.427225959918003e-233,0.6726388423020717,0.7889357875049823,0.779535606246423,0.0448256779192031
452,227.0,1.0,2.323391989995728e-60,3.6075092708330864e-255,0.677538483878083,0.6462363061690005,0.6049670635407717,0.6784132841328413
453,227.0,0.0,2.323391989995728e-60,3.6075092708330864e-255,0.677538483878083,0.7888158096621422,0.779755329160018,0.0448339483394834
454,228.0,1.0,2.749203388763073e-54,2.1877769010448127e-233,0.675129709557524,0.6646678400392944,0.620988867059594,0.6312292358803987
455,228.0,0.0,2.749203388763073e-54,2.1877769010448127e-233,0.675129709557524,0.7873091563996562,0.7800834970530451,0.036729420450350686
456,229.0,1.0,9.455035277839517e-43,2.732544926259434e-227,0.6698687055907425,0.6619046644425797,0.6138354482194024,0.6403395460417051
457,229.0,0.0,9.455035277839517e-43,2.732544926259434e-227,0.6698687055907425,0.7876031028060337,0.7786737617683176,0.035430891308359476
458,230.0,1.0,4.437932747978927e-58,2.34280031006165e-222,0.6724339399044672,0.6079590188239384,0.5672160647826264,0.7213114754098361
459,230.0,0.0,4.437932747978927e-58,2.34280031006165e-222,0.6724339399044672,0.7878549299086921,0.7792728313770398,0.04420703628660895
460,231.0,1.0,1.9191985463136893e-52,1.0813348395459716e-222,0.669345177118479,0.6509745403256304,0.6104819917419566,0.6426470588235295
461,231.0,0.0,1.9191985463136893e-52,1.0813348395459716e-222,0.669345177118479,0.786561870790364,0.7791586607252361,0.037316176470588235
462,232.0,1.0,2.2083874038547496e-62,2.5548154515168676e-237,0.6733166607592524,0.6367618014551631,0.5934673161147722,0.6861878453038674
463,232.0,0.0,2.2083874038547496e-62,2.5548154515168676e-237,0.6733166607592524,0.7870263300621156,0.7801154271212803,0.04033149171270718
464,233.0,1.0,2.7552384166138474e-53,2.2348158307539934e-219,0.6662300660401477,0.6593443765632048,0.6173684857927755,0.6274256144890039
465,233.0,0.0,2.7552384166138474e-53,2.2348158307539934e-219,0.6662300660401477,0.7878449300914346,0.7798187707573087,0.037146553317316575
466,234.0,1.0,1.33783435121468e-49,4.389377756392459e-214,0.6677313356119475,0.6776304990151018,0.6267388895728179,0.6046210720887246
467,234.0,0.0,1.33783435121468e-49,4.389377756392459e-214,0.6677313356119475,0.7871388706500329,0.7791046001066929,0.03789279112754159
468,235.0,1.0,5.1188135311135275e-51,4.049012260499045e-197,0.6626960304277446,0.622973194860638,0.5770288576002627,0.6845699520118125
469,235.0,0.0,5.1188135311135275e-51,4.049012260499045e-197,0.6626960304277446,0.7881141989245105,0.7791962563113173,0.03580657069029162
470,236.0,1.0,1.1426561697675728e-46,1.538471440111272e-205,0.6656297763806793,0.6175221129969011,0.572607125266787,0.6992800443049658
471,236.0,0.0,1.1426561697675728e-46,1.538471440111272e-205,0.6656297763806793,0.7854167094218811,0.7792234444262026,0.0319364962156175
472,237.0,1.0,8.290162857707792e-40,1.6483314413220901e-196,0.6606547037000734,0.6655764597324038,0.6150754593175853,0.6126474926253688
473,237.0,0.0,8.290162857707792e-40,1.6483314413220901e-196,0.6606547037000734,0.787686471523043,0.7778871391076115,0.03392330383480826
474,238.0,1.0,9.567774294451554e-35,6.774581658664159e-222,0.6671256220324948,0.6751495779034505,0.6293488505511617,0.6050018389113645
475,238.0,0.0,9.567774294451554e-35,6.774581658664159e-222,0.6671256220324948,0.7863494795508564,0.7777322460353235,0.02776756160353071
476,239.0,1.0,4.421032889643066e-39,2.205972410011544e-193,0.6598750535361964,0.6530608056803957,0.6018469115534578,0.6356589147286822
477,239.0,0.0,4.421032889643066e-39,2.205972410011544e-193,0.6598750535361964,0.7870467278212153,0.7786989534167864,0.028423772609819122
478,240.0,1.0,1.0061947532115104e-46,3.61323212191911e-202,0.6652047475336798,0.6695203543642922,0.619131793143139,0.6097876269621422
479,240.0,0.0,1.0061947532115104e-46,3.61323212191911e-202,0.6652047475336798,0.787926126144644,0.7788374578640138,0.033056325023084025
480,241.0,1.0,3.5911026111570726e-32,2.726739986294786e-207,0.6617278905666722,0.6308328532631059,0.5836145173236771,0.6812396236856668
481,241.0,0.0,3.5911026111570726e-32,2.726739986294786e-207,0.6617278905666722,0.7869619784379887,0.7769730886346803,0.02877697841726619
482,242.0,1.0,4.034812795962022e-33,5.4972687253401934e-210,0.6653021141552597,0.6215239898730008,0.576609583401943,0.6960856720827179
483,242.0,0.0,4.034812795962022e-33,5.4972687253401934e-210,0.6653021141552597,0.7868493094292243,0.7777869257368681,0.025295420974889217
484,243.0,1.0,2.8284141915095248e-33,3.77730812294244e-221,0.6685502212201256,0.6324873409904903,0.5867605285908362,0.6866580549916959
485,243.0,0.0,2.8284141915095248e-33,3.77730812294244e-221,0.6685502212201256,0.7867111275781153,0.7775719402247746,0.02601956080457649
486,244.0,1.0,2.061412655800022e-31,2.5640957007305626e-218,0.6654002060919597,0.6592320664692333,0.6120023033892728,0.6367820324005891
487,244.0,0.0,2.061412655800022e-31,2.5640957007305626e-218,0.6654002060919597,0.7855071569595261,0.7772293517604475,0.024300441826215022
488,245.0,1.0,8.303604926412115e-29,8.216390197629935e-215,0.6661901241765154,0.6743134352902483,0.6261716822890971,0.6056208670095518
489,245.0,0.0,8.303604926412115e-29,8.216390197629935e-215,0.6661901241765154,0.784996299950666,0.776928136819602,0.0213078618662748
490,246.0,1.0,8.210724225395955e-39,2.248393941341236e-211,0.6607202963656966,0.6716849492683529,0.6206626877958428,0.6140964298859035
491,246.0,0.0,8.210724225395955e-39,2.248393941341236e-211,0.6607202963656966,0.7873489884541769,0.7775262399670714,0.027603974972396025
492,247.0,1.0,3.8496069525770403e-41,1.54321633801577e-188,0.6604415007407582,0.6369577093146703,0.5871366728509586,0.6594055750415359
493,247.0,0.0,3.8496069525770403e-41,1.54321633801577e-188,0.6604415007407582,0.7854647027901751,0.778066378066378,0.028244415728262875
494,248.0,1.0,3.525005565464218e-31,2.5604172624090026e-201,0.662075206396892,0.6544912526819607,0.6052316705862937,0.6362294779560966
495,248.0,0.0,3.525005565464218e-31,2.5604172624090026e-201,0.662075206396892,0.7855566100016504,0.7766225192886909,0.026563364692861097
496,249.0,1.0,4.584473259430335e-38,2.7854783144987847e-191,0.6592479956753905,0.6740209483514783,0.6247987782226442,0.5890486725663717
497,249.0,0.0,4.584473259430335e-38,2.7854783144987847e-191,0.6592479956753905,0.7838811206852072,0.7778511577991497,0.022308259587020648
498,250.0,1.0,8.68161808704799e-45,6.871504414407726e-214,0.6658559975844625,0.6005221393265847,0.5599306587419515,0.728479262672811
499,250.0,0.0,8.68161808704799e-45,6.871504414407726e-214,0.6658559975844625,0.7854688419032289,0.7778603268945022,0.02894009216589862
500,251.0,1.0,1.8057039221845481e-31,1.8233507981776673e-216,0.6671315419867012,0.6044605295718881,0.5678874865957271,0.7164891663606316
501,251.0,0.0,1.8057039221845481e-31,1.8233507981776673e-216,0.6671315419867012,0.7846964447743958,0.7761280211168853,0.02405435181784796
502,252.0,1.0,1.651140156144511e-30,7.088372489427276e-205,0.6629695823338837,0.6702316188592153,0.6253297065611606,0.5986456808199122
503,252.0,0.0,1.651140156144511e-30,7.088372489427276e-205,0.6629695823338837,0.7835270359380152,0.7756758984503792,0.02232796486090776
504,253.0,1.0,4.378239281634619e-37,1.8944509982285496e-195,0.659648545232942,0.6652736503219415,0.6167244510483738,0.6084160235207644
505,253.0,0.0,4.378239281634619e-37,1.8944509982285496e-195,0.659648545232942,0.7830093280501899,0.7771586594023444,0.020948180815876516
506,254.0,1.0,2.1140859588722738e-19,1.3685028905008225e-180,0.6533056163630242,0.6622051801475908,0.6118897019306296,0.6053067993366501
507,254.0,0.0,2.1140859588722738e-19,1.3685028905008225e-180,0.6533056163630242,0.7838332265332699,0.7754764562404398,0.01824212271973466
508,255.0,1.0,3.7229272648549765e-29,4.138035052334498e-191,0.658275567069657,0.6506113835267829,0.603467538378781,0.630939226519337
509,255.0,0.0,3.7229272648549765e-29,4.138035052334498e-191,0.658275567069657,0.7842881675046035,0.7760582612653618,0.021915285451197055
510,256.0,1.0,7.974308603956331e-26,2.085501071614001e-182,0.657845383655349,0.6483938402947386,0.5962414107128073,0.6370997423629002
511,256.0,0.0,7.974308603956331e-26,2.085501071614001e-182,0.657845383655349,0.7825785486608436,0.7757264674227999,0.019322782480677217
512,257.0,1.0,1.1981344093445112e-37,8.639534245473504e-194,0.6627211867340641,0.635674959639028,0.5902222958148777,0.6583747927031509
513,257.0,0.0,1.1981344093445112e-37,8.639534245473504e-194,0.6627211867340641,0.7829200645775551,0.7771660388293248,0.02119034457342915
514,258.0,1.0,2.184385838304439e-24,3.6783464243522336e-177,0.651135993534022,0.6282904940135239,0.5784119106699752,0.6655026649512957
515,258.0,0.0,2.184385838304439e-24,3.6783464243522336e-177,0.651135993534022,0.7829669761574888,0.7752688172043011,0.020400661643080315
516,259.0,1.0,4.46115830691344e-33,2.3734217006152003e-172,0.6536424673934359,0.6436218584656085,0.5913938492063492,0.6370315944158707
517,259.0,0.0,4.46115830691344e-33,2.3734217006152003e-172,0.6536424673934359,0.7841331845238095,0.7760416666666666,0.023328434974283614
518,260.0,1.0,1.2381397446695036e-37,1.4949341819905625e-203,0.6593541315745519,0.6588588277895608,0.6097500413838769,0.6295886367828814
519,260.0,0.0,1.2381397446695036e-37,1.4949341819905625e-203,0.6593541315745519,0.7841705033366095,0.777065055454395,0.025087622209924366
520,261.0,1.0,3.586596342180184e-26,2.138093994803088e-197,0.6604172696487696,0.6477787334583778,0.5947772020725388,0.6534543433969253
521,261.0,0.0,3.586596342180184e-26,2.138093994803088e-197,0.6604172696487696,0.7855003678794599,0.7766632124352332,0.020929801815150955
522,262.0,1.0,1.6031429195276437e-24,2.747058821307094e-187,0.6579303803030537,0.6382802210907281,0.5886842541894807,0.6562326356732728
523,262.0,0.0,1.6031429195276437e-24,2.747058821307094e-187,0.6579303803030537,0.7835965612717902,0.7767131242740999,0.01796629005371365
524,263.0,1.0,1.0401080335291074e-24,2.59130627504763e-180,0.6545426233095132,0.6185328505773361,0.5695078429745207,0.6850481125092525
525,263.0,0.0,1.0401080335291074e-24,2.59130627504763e-180,0.6545426233095132,0.7825004409125333,0.7767034608681218,0.015914137675795706
526,264.0,1.0,4.9808787024461744e-23,8.614371829985767e-181,0.6514757482622233,0.6542180173451181,0.60093779824889,0.6273349361938229
527,264.0,0.0,4.9808787024461744e-23,8.614371829985767e-181,0.6514757482622233,0.7834453711772272,0.775841321216648,0.019604216756056964
528,265.0,1.0,1.910468177144418e-21,5.9627219611130135e-179,0.651813126989085,0.6711200016583404,0.6172215082293437,0.5935424354243543
529,265.0,0.0,1.910468177144418e-21,5.9627219611130135e-179,0.651813126989085,0.7838456914243072,0.7756311927366195,0.01734317343173432
530,266.0,1.0,1.4458219964787647e-24,1.7405087658723294e-163,0.6489725009744661,0.6317435658433017,0.5819213720535233,0.6470154753131908
531,266.0,0.0,1.4458219964787647e-24,1.7405087658723294e-163,0.6489725009744661,0.7831495002848118,0.7755913666680475,0.019528371407516582
532,267.0,1.0,5.059933426136525e-28,6.382567752810824e-198,0.6548674084024209,0.6598328355732537,0.6135468082458833,0.6178756476683938
533,267.0,0.0,5.059933426136525e-28,6.382567752810824e-198,0.6548674084024209,0.7830595652895305,0.7770956904060724,0.016654330125832718
534,268.0,1.0,9.451486643430543e-33,2.982282631479772e-163,0.6487196458175986,0.6320917381639902,0.5782541858822552,0.65439672801636
535,268.0,0.0,9.451486643430543e-33,2.982282631479772e-163,0.6487196458175986,0.7838149448449218,0.7780132120154556,0.01914854062093326
536,269.0,1.0,4.533987790381569e-22,8.472237440258814e-169,0.6510656659767676,0.657358506258577,0.6045409181636726,0.6102735901730877
537,269.0,0.0,4.533987790381569e-22,8.472237440258814e-169,0.6510656659767676,0.7847964403044039,0.7769876912840985,0.017308766052484645
538,270.0,1.0,1.1276148077499588e-29,3.7090455700601324e-173,0.6495128183985837,0.6836467260171395,0.6298776936517181,0.5639545708434184
539,270.0,0.0,1.1276148077499588e-29,3.7090455700601324e-173,0.6495128183985837,0.7856622847158665,0.7770613195773359,0.024017873766523926
540,271.0,1.0,1.8591428269612202e-38,1.0444494178446714e-171,0.6500663832554551,0.6743801480988435,0.6179798652134121,0.5867014341590613
541,271.0,0.0,1.8591428269612202e-38,1.0444494178446714e-171,0.6500663832554551,0.785069473333888,0.7785173475330727,0.0214192587073943
542,272.0,1.0,4.1083759262160114e-23,8.190800055196083e-159,0.6478338753805543,0.6480929275717685,0.5907655224004654,0.6270682282952221
543,272.0,0.0,4.1083759262160114e-23,8.190800055196083e-159,0.6478338753805543,0.7837854686379835,0.7769096500706508,0.018033091652723553
544,273.0,1.0,1.846603437809404e-21,5.135051926440862e-164,0.6490307716739132,0.6806583934783738,0.6227880701171388,0.5694650817236255
545,273.0,0.0,1.846603437809404e-21,5.135051926440862e-164,0.6490307716739132,0.7845059452723402,0.7766885436570574,0.017273402674591383
546,274.0,1.0,2.0634129229841706e-27,6.210150450246486e-180,0.6509159483812916,0.6865570770558449,0.6310667498440424,0.5679910464465585
547,274.0,0.0,2.0634129229841706e-27,6.210150450246486e-180,0.6509159483812916,0.7847822244403547,0.7778332293616136,0.019772430516694646
548,275.0,1.0,4.730197842359903e-20,8.4677807898545e-170,0.6489278743729368,0.5945323890856071,0.5454886278430392,0.7185157421289355
549,275.0,0.0,4.730197842359903e-20,8.4677807898545e-170,0.6489278743729368,0.7851072693188919,0.7777638923602432,0.017616191904047975
550,276.0,1.0,1.9075036592568447e-22,4.558496388209332e-159,0.6461767737460273,0.6686329480672426,0.610013340003335,0.591411963247703
551,276.0,0.0,1.9075036592568447e-22,4.558496388209332e-159,0.6461767737460273,0.7851507540307032,0.7784308821077205,0.01518844927807988
552,277.0,1.0,3.872524997419894e-36,1.3649379393712935e-184,0.65507181616555,0.6787888898156643,0.6227532424204513,0.589834958739685
553,277.0,0.0,3.872524997419894e-36,1.3649379393712935e-184,0.65507181616555,0.7860851613979482,0.7792651903749114,0.02138034508627157
554,278.0,1.0,2.558905942979305e-26,3.966572572889834e-172,0.6526123288879817,0.6458255139914092,0.5923099378622961,0.6374718679669917
555,278.0,0.0,2.558905942979305e-26,3.966572572889834e-172,0.6526123288879817,0.7865528170482505,0.7782643146086159,0.019879969992498126
556,279.0,1.0,1.1892510155473044e-29,3.091608289477498e-168,0.6508439770516413,0.627936289675719,0.5771666666666667,0.6616710378418883
557,279.0,0.0,1.1892510155473044e-29,3.091608289477498e-168,0.6508439770516413,0.7859412273300207,0.778125,0.023604346197077557
558,280.0,1.0,1.0858062349344724e-23,2.1328472808317905e-165,0.6470626645207926,0.6337292210968971,0.5819801815305188,0.650243536905208
559,280.0,0.0,1.0858062349344724e-23,2.1328472808317905e-165,0.6470626645207926,0.7857522040990518,0.7781663752185861,0.018733608092918696
560,281.0,1.0,1.1106681691699916e-29,5.601067037881152e-170,0.6522823780515686,0.6463904091738337,0.5934033858727379,0.6338293463929177
561,281.0,0.0,1.1106681691699916e-29,5.601067037881152e-170,0.6522823780515686,0.7860099035704978,0.779459594696022,0.021472970427575816
562,282.0,1.0,3.7396264004698394e-24,2.386226919048324e-184,0.6526171257031218,0.6503257737125674,0.6013448607108549,0.6322056322056322
563,282.0,0.0,3.7396264004698394e-24,2.386226919048324e-184,0.6526171257031218,0.786607776803241,0.7795180219688427,0.018522018522018523
564,283.0,1.0,1.0729270708240583e-25,2.7751838284303966e-167,0.6493975994749889,0.6272206663043932,0.5770179325335452,0.6618813751416698
565,283.0,0.0,1.0729270708240583e-25,2.7751838284303966e-167,0.6493975994749889,0.7874012456631694,0.7793754963842328,0.018889308651303362
566,284.0,1.0,4.39443395224402e-35,4.6964085957616835e-163,0.6492666770739461,0.6543302806005101,0.5984192698532179,0.6183018867924528
567,284.0,0.0,4.39443395224402e-35,4.6964085957616835e-163,0.6492666770739461,0.7874691590348346,0.779575962865387,0.023962264150943397
568,285.0,1.0,3.38320832060566e-35,2.1187147709893054e-155,0.6460136167385915,0.6715907665286664,0.6174465771755948,0.574014708655478
569,285.0,0.0,3.38320832060566e-35,2.1187147709893054e-155,0.6460136167385915,0.786705975829047,0.7794923263496842,0.023760135772204413
570,286.0,1.0,3.3045483038189366e-44,1.0786600960049511e-147,0.6445960894563283,0.6352220968618111,0.5820901759224437,0.6337340345604808
571,286.0,0.0,3.3045483038189366e-44,1.0786600960049511e-147,0.6445960894563283,0.787514103046258,0.77965818394551,0.02498121712997746
572,287.0,1.0,6.20953685554094e-39,1.8948107183883965e-151,0.6445460693495478,0.617545105245573,0.5639408620113598,0.6701708278580815
573,287.0,0.0,6.20953685554094e-39,1.8948107183883965e-151,0.6445460693495478,0.7857918476445038,0.7791095890410958,0.024779425567861835
574,288.0,1.0,1.1697720691132642e-37,6.968004786531924e-159,0.6431256367681983,0.6842143783196019,0.6241478817280749,0.5638658628485306
575,288.0,0.0,1.1697720691132642e-37,6.968004786531924e-159,0.6431256367681983,0.7875245702814604,0.7790974865124838,0.027505651846269782
576,289.0,1.0,1.572455094169531e-31,3.1363021925231615e-144,0.6435399700244447,0.6197593188030875,0.5666945957268538,0.6589191232048375
577,289.0,0.0,1.572455094169531e-31,3.1363021925231615e-144,0.6435399700244447,0.7881942626127211,0.7790532048596565,0.02399848828420257
578,290.0,1.0,2.9600874701961024e-42,1.6938322726707147e-132,0.6352879469053553,0.6305726475120285,0.5732494758909853,0.6352830188679245
579,290.0,0.0,2.9600874701961024e-42,1.6938322726707147e-132,0.6352879469053553,0.7864338200610069,0.779706498951782,0.025094339622641508
580,291.0,1.0,3.091110331688839e-43,2.273948847668101e-152,0.6467831155659485,0.6170027579408773,0.5627700180361562,0.6737000753579503
581,291.0,0.0,3.091110331688839e-43,2.273948847668101e-152,0.6467831155659485,0.7858873124233177,0.7794555597500105,0.024491333835719668
582,292.0,1.0,2.414406396425736e-51,1.7073585546665228e-155,0.6453442374448857,0.6609337640001678,0.6040521833969545,0.6003391746749576
583,292.0,0.0,2.414406396425736e-51,1.7073585546665228e-155,0.6453442374448857,0.7868513779940434,0.779562901128403,0.03241002449594875
584,293.0,1.0,6.633294622792412e-33,1.318907438807056e-145,0.6424277630712243,0.658706040155929,0.5990862603738788,0.5996624789049315
585,293.0,0.0,6.633294622792412e-33,1.318907438807056e-145,0.6424277630712243,0.7856708722806723,0.7769301701735267,0.027564222763922744
586,294.0,1.0,6.829513059665225e-38,6.139550691771692e-157,0.647223985989235,0.6353755458058031,0.5814625565421344,0.6437535118936131
587,294.0,0.0,6.829513059665225e-38,6.139550691771692e-157,0.647223985989235,0.7844525188217925,0.7780616518679846,0.0232253230942124
588,295.0,1.0,1.3179524287199307e-32,5.11949735181888e-159,0.6453125552005445,0.65032669456418,0.592918869032637,0.6247884145194659
589,295.0,0.0,1.3179524287199307e-32,5.11949735181888e-159,0.6453125552005445,0.7857449999475611,0.7776659115697626,0.025578333646793305
590,296.0,1.0,1.5261644298643246e-34,1.960527434337172e-163,0.6489265908753578,0.651252691843059,0.595151056767091,0.6249764550762855
591,296.0,0.0,1.5261644298643246e-34,1.960527434337172e-163,0.6489265908753578,0.785471926046536,0.7779318458758772,0.02542851761160294
592,297.0,1.0,5.402713369640722e-29,5.161386059820058e-173,0.6465812187702173,0.6845320072750976,0.6287636669470142,0.5678779890792695
593,297.0,0.0,5.402713369640722e-29,5.161386059820058e-173,0.6465812187702173,0.7849220450172941,0.7776282590412111,0.020335153455093204
594,298.0,1.0,7.962875675852591e-30,9.031381082592715e-173,0.6537463132166367,0.6443558649993164,0.5902991039501914,0.6427093132643462
595,298.0,0.0,7.962875675852591e-30,9.031381082592715e-173,0.6537463132166367,0.7846152228100252,0.7774178621008793,0.020884289746001882
596,299.0,1.0,2.2841853670002754e-29,9.195518038257874e-162,0.6454882527690826,0.6518597214625321,0.6001178104093912,0.6138371874412484
597,299.0,0.0,2.2841853670002754e-29,9.195518038257874e-162,0.6454882527690826,0.7836601169689065,0.7770858753734169,0.02143260011280316
598,300.0,1.0,4.854609795524133e-46,9.462597771663447e-169,0.6504024842033664,0.6637415530776749,0.6070452730253478,0.6067542213883678
599,300.0,0.0,4.854609795524133e-46,9.462597771663447e-169,0.6504024842033664,0.7843052767647893,0.7777123880785237,0.031144465290806753
600,301.0,1.0,1.4035419839697902e-41,3.155835586666315e-168,0.6530210871285369,0.6555183243873489,0.5969917230368472,0.6255390961935121
601,301.0,0.0,1.4035419839697902e-41,3.155835586666315e-168,0.6530210871285369,0.7842249556202141,0.7778244611570942,0.02531408213013313
602,302.0,1.0,3.457252633878925e-36,2.7358384537762334e-175,0.6511902206506228,0.656969161512895,0.6012620950778292,0.6242709313264346
603,302.0,0.0,3.457252633878925e-36,2.7358384537762334e-175,0.6511902206506228,0.7852560057217384,0.7773664282709297,0.02746942615239887
604,303.0,1.0,1.250564512715675e-41,1.3430439761280278e-177,0.6545652627904381,0.633934873529071,0.5802958155998483,0.6658490566037736
605,303.0,0.0,1.250564512715675e-41,1.3430439761280278e-177,0.6545652627904381,0.7870800543598495,0.7780118831907631,0.03
606,304.0,1.0,2.005145624232247e-39,1.5164403136082972e-178,0.6534414729102122,0.6232287449392713,0.5650908784211193,0.6939313984168866
607,304.0,0.0,2.005145624232247e-39,1.5164403136082972e-178,0.6534414729102122,0.7854356443994602,0.777843377050563,0.02581982661138334
608,305.0,1.0,1.1405452350486039e-29,4.6040502530651204e-166,0.6471156922560999,0.6670499013785902,0.6033668044890727,0.6118953510257858
609,305.0,0.0,1.1405452350486039e-29,4.6040502530651204e-166,0.6471156922560999,0.7865874882656344,0.7761370348493798,0.025785808394504048
610,306.0,1.0,1.0384245369110991e-39,1.6190582940929834e-170,0.6516156473817691,0.654557345231691,0.5990042614235687,0.624482109227872
611,306.0,0.0,1.0384245369110991e-39,1.6190582940929834e-170,0.6516156473817691,0.7857979177874118,0.7771402050546391,0.029566854990583803
612,307.0,1.0,1.5389085270119124e-54,4.0977414491804754e-179,0.65353376044778,0.6794435369131053,0.6243149818733665,0.5822689706987227
613,307.0,0.0,1.5389085270119124e-54,4.0977414491804754e-179,0.65353376044778,0.7859830320914791,0.7777590422392716,0.03643876784372652
614,308.0,1.0,1.580308205336996e-51,5.042145939267106e-174,0.6536323553154617,0.6410029591718531,0.5861836562763268,0.6511976047904192
615,308.0,0.0,1.580308205336996e-51,5.042145939267106e-174,0.6536323553154617,0.7857285775966469,0.7770850884582983,0.033495508982035925
616,309.0,1.0,2.4453357801410396e-60,1.677115055593099e-184,0.6550180261720355,0.6703831061980507,0.6106071473777478,0.6145030997557768
617,309.0,0.0,2.4453357801410396e-60,1.677115055593099e-184,0.6550180261720355,0.785684148348171,0.7781528205560947,0.0375727972947586
618,310.0,1.0,6.977222142462961e-56,9.084404266396592e-159,0.6492486986831998,0.6230268579760371,0.5614064745161018,0.6828716789146411
619,310.0,0.0,6.977222142462961e-56,9.084404266396592e-159,0.6492486986831998,0.786192760391353,0.7779562167187897,0.0374976446203128
620,311.0,1.0,3.441266544808832e-48,3.2990622100183146e-188,0.6558108295753031,0.6487078081380594,0.5955925894594366,0.6469702672186677
621,311.0,0.0,3.441266544808832e-48,3.2990622100183146e-188,0.6558108295753031,0.7867460451738432,0.7764571525251671,0.037824614226571324
622,312.0,1.0,8.112710624113962e-61,3.743924299574396e-183,0.6539008713727594,0.6669029282329045,0.610544577497567,0.6137347130761994
623,312.0,0.0,8.112710624113962e-61,3.743924299574396e-183,0.6539008713727594,0.7860845463777928,0.7776837473025008,0.03988711194731891
624,313.0,1.0,1.5167859092938949e-59,3.6413049093633574e-183,0.6563399402253851,0.6717834246662294,0.6160291130670278,0.602858217374953
625,313.0,0.0,1.5167859092938949e-59,3.6413049093633574e-183,0.6563399402253851,0.7863656560099866,0.7772511848341233,0.04118089507333584
626,314.0,1.0,3.963257736024004e-52,3.860088837968463e-201,0.6621786872867444,0.6858399129065331,0.6269817782099523,0.5965439519158527
627,314.0,0.0,3.963257736024004e-52,3.860088837968463e-201,0.6621786872867444,0.7865258796545856,0.77668794656069,0.037753568745304285
628,315.0,1.0,1.1991742830152589e-41,7.155502639594379e-168,0.6503197866141665,0.6401276240584028,0.5838826910074375,0.6503378378378378
629,315.0,0.0,1.1991742830152589e-41,7.155502639594379e-168,0.6503197866141665,0.7838631633440039,0.7761156186612576,0.031156156156156155
630,316.0,1.0,3.0991915932230635e-33,2.1712134271565058e-172,0.6491345608588736,0.6792848074481591,0.625618890440523,0.5739868049010367
631,316.0,0.0,3.0991915932230635e-33,2.1712134271565058e-172,0.6491345608588736,0.7843419382141346,0.7758876052642715,0.02884071630537229
632,317.0,1.0,1.5393401429042258e-57,5.671377074239083e-181,0.6563445860609314,0.6834073398967794,0.6235004874740367,0.5867549668874172
633,317.0,0.0,1.5393401429042258e-57,5.671377074239083e-181,0.6563445860609314,0.7871048420427931,0.7781357297274384,0.039924314096499526
634,318.0,1.0,1.588762536432637e-40,3.8090689607424e-194,0.6555806819077817,0.6567365205955966,0.6038688329868918,0.6369992441421013
635,318.0,0.0,1.588762536432637e-40,3.8090689607424e-194,0.6555806819077817,0.785846095108811,0.7762270394094939,0.03382464096749811
636,319.0,1.0,3.799723258636173e-42,2.1119841112140324e-176,0.6554616475503037,0.6503384471746557,0.5962909523001189,0.6356428166886917
637,319.0,0.0,3.799723258636173e-42,2.1119841112140324e-176,0.6554616475503037,0.7852823222356611,0.7760142590392124,0.034925429488389656
638,320.0,1.0,5.730982804083963e-47,7.538540598648743e-187,0.6592144980365742,0.6791181743918353,0.6272862295777636,0.5840724665031138
639,320.0,0.0,5.730982804083963e-47,7.538540598648743e-187,0.6592144980365742,0.7841479328233909,0.7771695310842351,0.03038309114927345
640,321.0,1.0,3.7391496090395203e-62,7.37322976835101e-173,0.6555582400086563,0.6663027232157054,0.610939156243375,0.6037664783427495
641,321.0,0.0,3.7391496090395203e-62,7.37322976835101e-173,0.6555582400086563,0.7857998452356976,0.777994488022048,0.03596986817325801
642,322.0,1.0,1.351518545178642e-55,4.748561967657407e-175,0.6521941322833413,0.6326063700204425,0.5820446553404228,0.6606471030850264
643,322.0,0.0,1.351518545178642e-55,4.748561967657407e-175,0.6521941322833413,0.7849085381999978,0.77659619539889,0.041008276899924756
644,323.0,1.0,8.472017799901485e-51,4.630165108727801e-193,0.6579459348543777,0.6673669022004372,0.6118231200135801,0.6207679213164365
645,323.0,0.0,8.472017799901485e-51,4.630165108727801e-193,0.6579459348543777,0.7879453391898487,0.7766508232897641,0.04180064308681672
646,324.0,1.0,2.0293867955983734e-50,2.8925177339113826e-180,0.6562026969935331,0.6784378320935175,0.6204888416578108,0.592529389457717
647,324.0,0.0,2.0293867955983734e-50,2.8925177339113826e-180,0.6562026969935331,0.7864080765143464,0.7771307120085016,0.03943875616230565
648,325.0,1.0,2.214643189758571e-52,4.970139159884999e-173,0.654617572561342,0.6342529566919084,0.5820393925213766,0.6597156398104266
649,325.0,0.0,2.214643189758571e-52,4.970139159884999e-173,0.654617572561342,0.7858738194503531,0.7777683243289233,0.03488151658767773
650,326.0,1.0,6.866796675914623e-57,5.6926716889018884e-185,0.659332201885695,0.6494046795697094,0.596441947565543,0.6436563626019344
651,326.0,0.0,6.866796675914623e-57,5.6926716889018884e-185,0.659332201885695,0.7868231488673484,0.7776217228464419,0.040584107718566284
652,327.0,1.0,3.7054634000750084e-41,1.2708973889258434e-177,0.6581407783223694,0.6505559989358872,0.5955563122499361,0.6386363636363637
653,327.0,0.0,3.7054634000750084e-41,1.2708973889258434e-177,0.6581407783223694,0.7861665336525672,0.7758576657870094,0.035416666666666666
654,328.0,1.0,2.4990588334701277e-46,3.7715684281348526e-211,0.6654869439682601,0.7168617694278757,0.6606702390065493,0.5347077737847551
655,328.0,0.0,2.4990588334701277e-46,3.7715684281348526e-211,0.6654869439682601,0.7873433064336066,0.7759207280768904,0.03934178172876868
656,329.0,1.0,2.3039479186949023e-45,9.17717681275947e-197,0.662037925616118,0.6548708302781054,0.6029924339029159,0.641141992815277
657,329.0,0.0,2.3039479186949023e-45,9.17717681275947e-197,0.662037925616118,0.7863572119318605,0.775950012751849,0.03838154660616373
658,330.0,1.0,1.884659420668057e-61,2.733280371103045e-203,0.6627109502881061,0.6727065733194305,0.6241222283695791,0.6057272899677603
659,330.0,0.0,1.884659420668057e-61,2.733280371103045e-203,0.6627109502881061,0.7879045815334199,0.7776311869600374,0.04513559643466717
660,331.0,1.0,4.704288519618275e-59,1.5355427070470207e-191,0.6606053723341125,0.6641624040920716,0.6078005115089514,0.6282124500285551
661,331.0,0.0,4.704288519618275e-59,1.5355427070470207e-191,0.6606053723341125,0.7880647911338449,0.7777493606138107,0.04549781077479535
662,332.0,1.0,3.952416989854032e-53,3.60673836953676e-201,0.6680133329048404,0.6738685321844474,0.6154928976666809,0.6215753424657534
663,332.0,0.0,3.952416989854032e-53,3.60673836953676e-201,0.6680133329048404,0.7879324318559912,0.7769483427888922,0.04337899543378995
664,333.0,1.0,2.3478149416575635e-64,2.2415995639352135e-196,0.6586389020287181,0.6569367985319848,0.6048903302893232,0.6381115553017324
665,333.0,0.0,2.3478149416575635e-64,2.2415995639352135e-196,0.6586389020287181,0.7879272820381513,0.7779721771784587,0.047401484865790974
666,334.0,1.0,1.2727808892034434e-60,1.6814339190614598e-208,0.6663064402944137,0.6756180050998091,0.6195962958221312,0.6199733180865257
667,334.0,0.0,1.2727808892034434e-60,1.6814339190614598e-208,0.6663064402944137,0.7890514141834437,0.7771518798275936,0.05107680579378693
668,335.0,1.0,7.804998519815747e-70,3.8031357952565843e-230,0.6740159572522849,0.6713708602918448,0.6208910680025581,0.6349809885931559
669,335.0,0.0,7.804998519815747e-70,3.8031357952565843e-230,0.6740159572522849,0.7882473325729878,0.77791515668301,0.05247148288973384
670,336.0,1.0,6.198429456121465e-71,1.4426592849601334e-207,0.6669692546984528,0.6418787943337949,0.5889745665232394,0.6769609700644184
671,336.0,0.0,6.198429456121465e-71,1.4426592849601334e-207,0.6669692546984528,0.7884971775481947,0.7773612235334214,0.05342932929139826
672,337.0,1.0,3.577139383383219e-52,3.6297706384376405e-216,0.6682287568215832,0.6695081617411714,0.6196389706823711,0.6260456273764259
673,337.0,0.0,3.577139383383219e-52,3.6297706384376405e-216,0.6682287568215832,0.7888722927557879,0.7763837323432766,0.04448669201520913
674,338.0,1.0,3.563520493683993e-45,3.944500244381745e-186,0.6586519406480899,0.6352618022081379,0.5858236073703561,0.6653310436939516
675,338.0,0.0,3.563520493683993e-45,3.944500244381745e-186,0.6586519406480899,0.7880144929085215,0.7765379846949682,0.03930547605418813
676,339.0,1.0,7.9072138690145585e-59,1.5127610079404203e-195,0.6619098555985165,0.6474993313720246,0.5966023364286019,0.6535087719298246
677,339.0,0.0,7.9072138690145585e-59,1.5127610079404203e-195,0.6619098555985165,0.7869804760631185,0.7774829902862767,0.044050343249427915
678,340.0,1.0,7.768180359529259e-58,1.3998443728970806e-225,0.6693620309081417,0.6834095019960827,0.6328181857100047,0.60769377261474
679,340.0,0.0,7.768180359529259e-58,1.3998443728970806e-225,0.6693620309081417,0.7867348795393491,0.7766599597585513,0.04627689963816416
680,341.0,1.0,3.228658028161021e-72,7.473178328249674e-206,0.6658917240752358,0.6795851528384279,0.6274669292349844,0.601980575128547
681,341.0,0.0,3.228658028161021e-72,7.473178328249674e-206,0.6658917240752358,0.7880276564774381,0.7771736803801532,0.05675109502951819
682,342.0,1.0,6.058241508809754e-65,1.9063018066490565e-214,0.6730176281668141,0.6307494921415588,0.5879057434888594,0.6851605548166445
683,342.0,0.0,6.058241508809754e-65,1.9063018066490565e-214,0.6730176281668141,0.7897786806372287,0.7761194029850746,0.05491164734942048
684,343.0,1.0,1.8850069689128306e-68,1.136675232612533e-210,0.6681317846857843,0.6889874432273577,0.6368299563990767,0.5864033421952146
685,343.0,0.0,1.8850069689128306e-68,1.136675232612533e-210,0.6681317846857843,0.7897515362009083,0.7766948790288108,0.05431067223699203
686,344.0,1.0,4.941149617674681e-74,2.6927968093384393e-213,0.6706025773195333,0.6515988185437267,0.5985188990197338,0.6648875333587495
687,344.0,0.0,4.941149617674681e-74,2.6927968093384393e-213,0.6706025773195333,0.790537648217114,0.7779204657334874,0.054708349218452156
688,345.0,1.0,2.2594606237624327e-70,2.156863237958707e-209,0.6695836045996902,0.6682284072390428,0.6151636004974484,0.6302392344497607
689,345.0,0.0,2.2594606237624327e-70,2.156863237958707e-209,0.6695836045996902,0.7885753495153959,0.7783781465757537,0.05129186602870813
690,346.0,1.0,6.155342796792874e-65,5.7650875137514695e-211,0.6665110464490939,0.6554413594816119,0.6045144402008326,0.6520741731982412
691,346.0,0.0,6.155342796792874e-65,5.7650875137514695e-211,0.6665110464490939,0.7889434836716303,0.7773248079646398,0.05085069776333397
692,347.0,1.0,9.764961170280284e-52,7.048790542654085e-212,0.6695481465087041,0.6178194229778464,0.5709011290945778,0.7142584462683719
693,347.0,0.0,9.764961170280284e-52,7.048790542654085e-212,0.6695481465087041,0.7876094796496651,0.7755978190872794,0.04657377362092002
694,348.0,1.0,4.405246986924647e-56,1.5696572139994334e-217,0.6688973970782677,0.6658366159691737,0.621200412158681,0.6247855100095329
695,348.0,0.0,4.405246986924647e-56,1.5696572139994334e-217,0.6688973970782677,0.7881331372696341,0.775845783960158,0.047664442326024785
696,349.0,1.0,2.8309471266142256e-64,1.0676078875136344e-204,0.667738709226442,0.6551309961714586,0.6039807824296499,0.647271344362046
697,349.0,0.0,2.8309471266142256e-64,1.0676078875136344e-204,0.667738709226442,0.7869636556672065,0.7762096774193549,0.05057995816695189
698,350.0,1.0,5.048738029257869e-63,3.177177245774128e-213,0.6694113730172803,0.6538791255893699,0.6028289755679382,0.6564160971905847
699,350.0,0.0,5.048738029257869e-63,3.177177245774128e-213,0.6694113730172803,0.787816116588084,0.7757822546078011,0.05087319665907365
700,351.0,1.0,7.986375812129692e-65,5.462623124992236e-205,0.6660435873972474,0.6580902084540907,0.6041389377871281,0.647484756097561
701,351.0,0.0,7.986375812129692e-65,5.462623124992236e-205,0.6660435873972474,0.7891522294497757,0.7757932248508007,0.055640243902439025
702,352.0,1.0,1.1985269115533389e-76,2.8361817774160786e-213,0.6724875823526412,0.6627274291367371,0.6127575379586219,0.6382043935052532
703,352.0,0.0,1.1985269115533389e-76,2.8361817774160786e-213,0.6724875823526412,0.7902490429695901,0.7773667684631597,0.05749761222540592
704,353.0,1.0,1.8955027420917087e-82,2.6762637757191984e-229,0.6742616600747738,0.668482004477355,0.6178914288174265,0.6413437678946364
705,353.0,0.0,1.8955027420917087e-82,2.6762637757191984e-229,0.6742616600747738,0.7893382986051317,0.7775194799603944,0.05955334987593052
706,354.0,1.0,1.1057257575446167e-77,5.486755881628237e-230,0.6721079776340091,0.685537706188897,0.6328007235453723,0.6119061247853463
707,354.0,0.0,1.1057257575446167e-77,5.486755881628237e-230,0.6721079776340091,0.789601188681683,0.7769068435333132,0.05819500095401641
708,355.0,1.0,1.6888283308025814e-76,2.6630459876088633e-248,0.6756556092627272,0.6757009949605892,0.6305293534909764,0.6312476154139641
709,355.0,0.0,1.6888283308025814e-76,2.6630459876088633e-248,0.6756556092627272,0.78718180643494,0.7772322005427058,0.0539870278519649
710,356.0,1.0,3.1341917629940394e-74,5.143293637182113e-227,0.6713185848506623,0.6631988897376037,0.6166193304070918,0.6417682926829268
711,356.0,0.0,3.1341917629940394e-74,5.143293637182113e-227,0.6713185848506623,0.7890178696302352,0.7767449866597814,0.05506859756097561
712,357.0,1.0,1.2491622740377498e-67,1.6512681462104733e-257,0.681314211984686,0.6697774432856682,0.6309723476540662,0.6371597182562345
713,357.0,0.0,1.2491622740377498e-67,1.6512681462104733e-257,0.681314211984686,0.7885388667885174,0.7760719047004687,0.052922139729678276
714,358.0,1.0,8.923088929116446e-71,1.3520988557487379e-216,0.6723987557742288,0.6487048082513296,0.6009215796046682,0.6636779855017169
715,358.0,0.0,8.923088929116446e-71,1.3520988557487379e-216,0.6723987557742288,0.7903468917551302,0.7760647689591318,0.05723006486074018
716,359.0,1.0,7.915734396489522e-87,6.646410234052401e-231,0.6797892417841711,0.6328267411634002,0.5857709897316421,0.703576209600306
717,359.0,0.0,7.915734396489522e-87,6.646410234052401e-231,0.6797892417841711,0.7889570816839426,0.7778065406851324,0.06138841078600115
718,360.0,1.0,4.481072257529789e-95,8.18628610556301e-262,0.6847058584957313,0.6810541202889007,0.6390724187070864,0.6248803827751196
719,360.0,0.0,4.481072257529789e-95,8.18628610556301e-262,0.6847058584957313,0.7871570924244551,0.7785982640238372,0.06296650717703349
720,361.0,1.0,2.995833933457536e-86,5.748781627343863e-237,0.6783702566288343,0.6572200021600605,0.6150855365474339,0.6535297493782284
721,361.0,0.0,2.995833933457536e-86,5.748781627343863e-237,0.6783702566288343,0.7873312452748676,0.7776913772248142,0.06026401377463172
722,362.0,1.0,4.1526852582656147e-91,1.8657532760436383e-240,0.6786226224030361,0.6783415413858649,0.6285800682534882,0.6296438146304099
723,362.0,0.0,4.1526852582656147e-91,1.8657532760436383e-240,0.6786226224030361,0.790943062035597,0.7775713853730183,0.06779011872845653
724,363.0,1.0,5.798945744915572e-100,1.3618297667644455e-251,0.6849227423921369,0.6690187954511124,0.6205601829873549,0.6540592168099332
725,363.0,0.0,5.798945744915572e-100,1.3618297667644455e-251,0.6849227423921369,0.788534990613064,0.7786025635492642,0.06552053486150908
726,364.0,1.0,2.870664340798304e-79,2.251669703464724e-244,0.6803674127671837,0.6760762249671258,0.6258676438887691,0.6374023995429442
727,364.0,0.0,2.870664340798304e-79,2.251669703464724e-244,0.6803674127671837,0.7887753562266917,0.7758137529640009,0.06322605218053703
